Transacao_ID,Data,Valor,Tipo,Cliente_ID,Localizacao,Status,Canal
TXN000001,2024-01-05 03:40:00,153.36,DOC,CL6163,DF,Estornada,App
TXN000002,2024-02-01 16:13:00,2363.46,Pix,CL3446,SC,Recusada,Site
TXN000003,2024-02-04 01:45:00,1938.61,DOC,CL5344,MG,Pendente,Site
TXN000004,2024-01-16 05:53:00,780.47,Pix,CL9339,DF,Pendente,ATM
TXN000005,2024-03-21 18:24:00,4909.66,Pix,CL5848,DF,Recusada,Loja Física
TXN000006,2024-02-03 20:46:00,4528.21,TED,CL1158,CE,Estornada,ATM
TXN000007,2024-03-01 01:15:00,3588.01,Pix,CL4387,SP,Recusada,Loja Física
TXN000008,2024-01-28 07:42:00,1054.08,TED,CL8786,SC,Aprovada,Site
TXN000009,2024-01-30 14:32:00,3007.36,Cartão de Crédito,CL7288,PR,Estornada,Loja Física
TXN000010,2024-02-25 22:48:00,117.89,TED,CL5979,PE,Estornada,ATM
TXN000011,2024-02-19 10:38:00,2395.53,Cartão de Crédito,CL5679,PE,Recusada,Loja Física
TXN000012,2024-01-18 13:25:00,4121.85,DOC,CL1202,MG,Pendente,ATM
TXN000013,2024-01-22 14:21:00,4301.94,Cartão de Crédito,CL7793,SP,Aprovada,ATM
TXN000014,2024-02-24 23:17:00,2645.19,Pix,CL9708,SC,Estornada,Site
TXN000015,2024-02-07 19:27:00,1246.81,TED,CL9754,PE,Recusada,Site
TXN000016,2024-01-16 19:18:00,4959.29,Cartão de Crédito,CL5818,SP,Recusada,Site
TXN000017,2024-03-05 06:09:00,2523.61,TED,CL6994,CE,Estornada,Site
TXN000018,2024-02-05 03:10:00,2356.78,Cartão de Crédito,CL9528,MG,Estornada,ATM
TXN000019,2024-03-05 02:27:00,479.22,DOC,CL9935,SC,Aprovada,Loja Física
TXN000020,2024-01-08 03:17:00,2158.66,Boleto,CL5762,MG,Pendente,Loja Física
TXN000021,2024-02-21 17:07:00,4799.52,Cartão de Crédito,CL6081,PR,Estornada,Loja Física
TXN000022,2024-03-19 22:13:00,979.85,DOC,CL7327,PE,Aprovada,App
TXN000023,2024-02-12 03:02:00,4566.85,DOC,CL7945,PR,Aprovada,ATM
TXN000024,2024-02-11 09:22:00,1708.72,Cartão de Crédito,CL6448,RS,Estornada,App
TXN000025,2024-01-02 05:13:00,4193.58,DOC,CL9897,MG,Recusada,Site
TXN000026,2024-01-31 05:45:00,3579.35,Boleto,CL5207,RS,Aprovada,App
TXN000027,2024-02-17 21:51:00,3403.91,Pix,CL3613,BA,Aprovada,Loja Física
TXN000028,2024-03-31 07:12:00,2475.34,DOC,CL9656,RJ,Estornada,Site
TXN000029,2024-03-31 00:58:00,2004.65,DOC,CL4479,RJ,Pendente,ATM
TXN000030,2024-01-30 20:21:00,514.41,DOC,CL4022,PE,Pendente,Site
TXN000031,2024-01-08 18:48:00,634.19,Pix,CL2868,SC,Estornada,Loja Física
TXN000032,2024-01-30 15:38:00,366.02,Cartão de Crédito,CL6595,CE,Pendente,Site
TXN000033,2024-02-12 22:20:00,2654.79,DOC,CL4238,PE,Recusada,Site
TXN000034,2024-01-22 20:50:00,2383.64,Pix,CL4283,DF,Estornada,App
TXN000035,2024-03-18 02:52:00,4613.1,Pix,CL3727,PR,Aprovada,Site
TXN000036,2024-01-10 19:32:00,3347.74,Boleto,CL3004,BA,Aprovada,Site
TXN000037,2024-03-21 13:35:00,4870.38,DOC,CL8664,PE,Aprovada,ATM
TXN000038,2024-03-21 22:00:00,3702.75,Boleto,CL2908,MG,Estornada,Loja Física
TXN000039,2024-03-08 11:14:00,806.11,Pix,CL2585,PR,Estornada,ATM
TXN000040,2024-01-18 07:14:00,962.44,Pix,CL8897,RJ,Recusada,App
TXN000041,2024-02-04 13:06:00,4511.45,TED,CL7583,MG,Pendente,Site
TXN000042,2024-02-13 18:18:00,829.46,DOC,CL4590,SP,Recusada,Loja Física
TXN000043,2024-01-09 12:55:00,958.8,Pix,CL7912,RJ,Recusada,Loja Física
TXN000044,2024-03-11 17:59:00,2305.02,Pix,CL9877,PR,Aprovada,ATM
TXN000045,2024-01-23 18:46:00,1194.91,DOC,CL3571,SC,Estornada,ATM
TXN000046,2024-02-26 17:01:00,2532.13,TED,CL7635,RJ,Estornada,Site
TXN000047,2024-01-11 05:41:00,4058.52,Cartão de Crédito,CL3893,CE,Pendente,Site
TXN000048,2024-01-31 21:35:00,1504.51,DOC,CL1483,RJ,Recusada,App
TXN000049,2024-01-27 04:16:00,415.23,Cartão de Crédito,CL7987,DF,Estornada,Site
TXN000050,2024-03-15 04:39:00,3598.73,Pix,CL1094,BA,Estornada,Site
TXN000051,2024-03-30 00:52:00,943.62,Pix,CL4303,PE,Aprovada,Site
TXN000052,2024-02-19 05:30:00,3414.2,Cartão de Crédito,CL1116,DF,Pendente,Site
TXN000053,2024-01-10 07:24:00,1405.97,Boleto,CL3579,CE,Pendente,Site
TXN000054,2024-01-24 04:14:00,2285.43,DOC,CL3200,PE,Aprovada,Site
TXN000055,2024-02-14 20:46:00,2823.55,TED,CL6649,SP,Estornada,Site
TXN000056,2024-01-18 08:06:00,4148.13,TED,CL9690,RS,Aprovada,App
TXN000057,2024-03-28 00:27:00,2803.78,Boleto,CL6979,MG,Estornada,Site
TXN000058,2024-01-16 12:34:00,1736.83,Cartão de Crédito,CL7935,PE,Aprovada,Loja Física
TXN000059,2024-01-26 06:10:00,3606.31,Cartão de Crédito,CL1575,RS,Aprovada,App
TXN000060,2024-03-21 14:54:00,2315.26,DOC,CL9411,SP,Recusada,App
TXN000061,2024-03-11 06:58:00,4541.71,Pix,CL4156,CE,Recusada,Loja Física
TXN000062,2024-03-05 22:35:00,1231.24,DOC,CL9404,RJ,Estornada,Loja Física
TXN000063,2024-03-19 07:38:00,745.24,DOC,CL6210,DF,Aprovada,ATM
TXN000064,2024-02-13 00:54:00,2514.12,Cartão de Crédito,CL5957,RS,Estornada,Loja Física
TXN000065,2024-02-21 17:16:00,4391.14,DOC,CL4266,RS,Aprovada,App
TXN000066,2024-02-04 04:37:00,905.54,TED,CL4517,PE,Pendente,Site
TXN000067,2024-02-09 20:22:00,2668.3,DOC,CL1782,RS,Pendente,App
TXN000068,2024-02-08 23:39:00,1981.75,DOC,CL7592,PR,Estornada,Loja Física
TXN000069,2024-02-01 14:11:00,3269.3,Pix,CL3753,RS,Recusada,ATM
TXN000070,2024-03-10 14:56:00,886.07,Pix,CL2965,MG,Estornada,ATM
TXN000071,2024-02-06 15:37:00,2071.73,Pix,CL2844,PR,Recusada,Site
TXN000072,2024-02-11 20:43:00,1914.18,TED,CL3904,SP,Recusada,Site
TXN000073,2024-03-20 05:52:00,4544.08,Cartão de Crédito,CL4509,PE,Estornada,ATM
TXN000074,2024-03-20 16:53:00,2415.98,Pix,CL8771,SP,Estornada,ATM
TXN000075,2024-01-15 10:34:00,530.52,DOC,CL2228,PE,Pendente,Site
TXN000076,2024-03-06 05:23:00,2680.17,Pix,CL1941,CE,Estornada,ATM
TXN000077,2024-03-06 22:02:00,868.64,Boleto,CL3217,SP,Pendente,Site
TXN000078,2024-03-15 16:47:00,2618.52,Pix,CL7916,RJ,Recusada,Site
TXN000079,2024-01-18 19:13:00,355.43,Cartão de Crédito,CL4167,BA,Estornada,ATM
TXN000080,2024-02-23 18:16:00,4805.04,Boleto,CL1476,DF,Recusada,App
TXN000081,2024-02-06 02:36:00,2033.99,Pix,CL1465,MG,Estornada,Site
TXN000082,2024-01-15 05:27:00,2238.14,TED,CL7311,DF,Pendente,Loja Física
TXN000083,2024-03-11 04:44:00,1572.07,TED,CL1880,DF,Recusada,App
TXN000084,2024-03-28 07:56:00,235.07,Cartão de Crédito,CL3862,PR,Aprovada,Site
TXN000085,2024-01-17 08:38:00,3854.62,Pix,CL2089,DF,Recusada,App
TXN000086,2024-02-24 04:32:00,4119.2,Pix,CL3699,MG,Pendente,ATM
TXN000087,2024-03-09 23:13:00,3444.69,Boleto,CL3224,RS,Aprovada,App
TXN000088,2024-01-19 15:20:00,1400.94,TED,CL8918,PR,Aprovada,ATM
TXN000089,2024-03-03 23:43:00,1883.21,TED,CL4227,SP,Pendente,Site
TXN000090,2024-01-24 16:11:00,682.01,TED,CL9873,CE,Pendente,ATM
TXN000091,2024-01-08 07:49:00,1357.25,TED,CL8028,SP,Pendente,ATM
TXN000092,2024-01-26 14:10:00,1851.5,Pix,CL2632,RJ,Aprovada,Loja Física
TXN000093,2024-02-05 00:40:00,2484.14,Pix,CL3506,RS,Aprovada,App
TXN000094,2024-03-12 03:26:00,3748.88,Cartão de Crédito,CL5776,BA,Aprovada,ATM
TXN000095,2024-01-04 23:33:00,4458.34,Pix,CL8824,PE,Recusada,App
TXN000096,2024-03-02 22:25:00,1456.82,DOC,CL9546,MG,Recusada,Site
TXN000097,2024-01-15 11:41:00,2869.47,DOC,CL8456,MG,Aprovada,ATM
TXN000098,2024-01-18 00:10:00,1253.43,DOC,CL9568,BA,Pendente,ATM
TXN000099,2024-03-27 06:57:00,643.23,Boleto,CL5143,SP,Aprovada,ATM
TXN000100,2024-03-09 08:00:00,2993.84,Cartão de Crédito,CL8835,DF,Pendente,App
TXN000101,2024-01-20 14:57:00,1786.14,TED,CL6544,MG,Pendente,Site
TXN000102,2024-03-09 04:30:00,3185.98,TED,CL4149,RJ,Pendente,ATM
TXN000103,2024-01-04 18:56:00,165.81,Pix,CL4496,BA,Recusada,ATM
TXN000104,2024-01-06 23:55:00,1390.79,DOC,CL2402,CE,Aprovada,App
TXN000105,2024-02-18 07:27:00,3235.27,Cartão de Crédito,CL9602,RJ,Recusada,Loja Física
TXN000106,2024-01-30 09:30:00,1137.3,Boleto,CL3859,RS,Aprovada,ATM
TXN000107,2024-03-26 03:23:00,4627.82,DOC,CL4379,MG,Recusada,Site
TXN000108,2024-02-13 01:38:00,467.83,DOC,CL5591,MG,Estornada,Loja Física
TXN000109,2024-01-07 03:20:00,3387.58,Pix,CL4041,DF,Estornada,App
TXN000110,2024-03-06 21:57:00,1232.34,DOC,CL3585,DF,Aprovada,App
TXN000111,2024-03-18 03:45:00,262.95,Pix,CL4485,MG,Aprovada,ATM
TXN000112,2024-01-06 10:07:00,1753.02,Pix,CL4918,DF,Recusada,ATM
TXN000113,2024-03-12 17:15:00,2848.26,TED,CL3641,PE,Pendente,App
TXN000114,2024-01-18 04:51:00,3497.52,DOC,CL8688,SC,Aprovada,Site
TXN000115,2024-03-10 07:12:00,4437.5,DOC,CL4843,MG,Recusada,Site
TXN000116,2024-02-20 17:41:00,4515.64,Boleto,CL4018,BA,Recusada,Site
TXN000117,2024-02-23 15:48:00,4890.27,Pix,CL2382,SP,Pendente,ATM
TXN000118,2024-02-09 03:47:00,3937.14,Boleto,CL6911,PR,Recusada,App
TXN000119,2024-03-25 10:54:00,667.52,Boleto,CL3814,BA,Pendente,App
TXN000120,2024-01-19 07:38:00,2883.67,DOC,CL6493,BA,Estornada,Site
TXN000121,2024-02-23 14:31:00,463.42,Pix,CL6221,MG,Recusada,Site
TXN000122,2024-02-12 08:41:00,2517.91,TED,CL4587,PR,Recusada,Loja Física
TXN000123,2024-02-29 11:13:00,262.22,TED,CL1770,BA,Recusada,App
TXN000124,2024-01-01 00:58:00,2692.16,TED,CL9887,PR,Pendente,Loja Física
TXN000125,2024-02-14 13:12:00,275.02,Boleto,CL5588,PR,Aprovada,App
TXN000126,2024-03-15 04:42:00,590.08,Pix,CL2120,SC,Pendente,Site
TXN000127,2024-03-02 06:10:00,3273.57,Boleto,CL8659,PE,Estornada,ATM
TXN000128,2024-03-18 01:45:00,2946.13,Cartão de Crédito,CL4218,RS,Estornada,Loja Física
TXN000129,2024-03-22 14:42:00,4034.3,TED,CL5531,PR,Estornada,Loja Física
TXN000130,2024-03-22 09:46:00,1001.82,DOC,CL3840,SC,Recusada,ATM
TXN000131,2024-01-14 10:37:00,454.05,DOC,CL7205,SC,Pendente,App
TXN000132,2024-01-20 15:46:00,35.74,TED,CL5881,BA,Estornada,Loja Física
TXN000133,2024-02-13 02:46:00,4677.08,Cartão de Crédito,CL2278,CE,Estornada,App
TXN000134,2024-03-06 22:45:00,2995.63,Cartão de Crédito,CL5938,PR,Aprovada,App
TXN000135,2024-02-26 08:55:00,4364.89,Boleto,CL1862,SC,Aprovada,Loja Física
TXN000136,2024-01-21 10:44:00,4946.89,Pix,CL2267,RS,Pendente,Site
TXN000137,2024-01-10 09:06:00,3077.98,DOC,CL5010,PE,Recusada,Site
TXN000138,2024-02-07 18:44:00,3555.85,TED,CL2935,SP,Pendente,Loja Física
TXN000139,2024-02-01 19:54:00,2656.56,DOC,CL7027,PR,Aprovada,App
TXN000140,2024-03-04 03:09:00,3947.24,DOC,CL7615,SC,Pendente,Loja Física
TXN000141,2024-01-04 17:26:00,3345.46,Cartão de Crédito,CL5874,SP,Estornada,Site
TXN000142,2024-02-29 18:06:00,1090.95,Pix,CL6106,CE,Estornada,App
TXN000143,2024-01-17 08:43:00,1342.37,Boleto,CL7513,RS,Pendente,ATM
TXN000144,2024-02-04 17:21:00,2749.71,Pix,CL3902,MG,Estornada,Site
TXN000145,2024-02-17 20:38:00,2309.06,DOC,CL4857,CE,Aprovada,Site
TXN000146,2024-02-29 15:16:00,2942.15,Cartão de Crédito,CL2359,SP,Estornada,Loja Física
TXN000147,2024-03-24 18:04:00,268.08,Cartão de Crédito,CL1549,DF,Aprovada,Site
TXN000148,2024-01-19 09:07:00,4381.05,Boleto,CL4977,RJ,Recusada,App
TXN000149,2024-01-02 17:04:00,4893.96,Cartão de Crédito,CL5898,MG,Pendente,Loja Física
TXN000150,2024-01-05 07:47:00,1939.88,Pix,CL1861,SC,Aprovada,Site
TXN000151,2024-03-05 02:32:00,766.85,TED,CL6200,MG,Recusada,Site
TXN000152,2024-01-23 11:43:00,2645.49,Boleto,CL7802,DF,Aprovada,Site
TXN000153,2024-02-11 19:12:00,679.07,DOC,CL9746,SP,Recusada,App
TXN000154,2024-02-12 17:48:00,2817.08,Cartão de Crédito,CL7818,SC,Estornada,Site
TXN000155,2024-01-28 02:44:00,3313.16,Cartão de Crédito,CL7312,PR,Recusada,Site
TXN000156,2024-01-30 10:04:00,3729.88,DOC,CL1062,RJ,Estornada,App
TXN000157,2024-02-06 16:35:00,3556.36,TED,CL2552,RJ,Estornada,App
TXN000158,2024-03-16 16:24:00,308.56,Boleto,CL9524,RJ,Aprovada,Site
TXN000159,2024-03-03 23:10:00,3652.57,TED,CL1099,SC,Recusada,Loja Física
TXN000160,2024-01-03 13:19:00,3070.29,Cartão de Crédito,CL9293,RS,Aprovada,App
TXN000161,2024-02-19 09:51:00,297.16,Pix,CL9452,CE,Aprovada,Site
TXN000162,2024-03-12 11:13:00,86.64,Boleto,CL4430,CE,Recusada,App
TXN000163,2024-01-20 05:16:00,1550.96,Cartão de Crédito,CL1408,PR,Aprovada,ATM
TXN000164,2024-02-11 02:13:00,2342.33,DOC,CL5857,RS,Recusada,Loja Física
TXN000165,2024-03-23 01:40:00,788.11,TED,CL9887,BA,Pendente,Site
TXN000166,2024-02-01 11:23:00,2804.37,TED,CL8564,CE,Estornada,Site
TXN000167,2024-01-06 00:04:00,722.57,Pix,CL8899,BA,Aprovada,ATM
TXN000168,2024-02-12 04:06:00,2016.94,Cartão de Crédito,CL9033,MG,Pendente,Site
TXN000169,2024-03-17 23:13:00,3680.22,Pix,CL5260,DF,Estornada,ATM
TXN000170,2024-02-04 17:57:00,4019.59,Cartão de Crédito,CL7002,BA,Recusada,App
TXN000171,2024-03-05 01:30:00,4927.98,TED,CL4422,SC,Recusada,Site
TXN000172,2024-03-15 04:07:00,1092.05,TED,CL5643,CE,Recusada,Loja Física
TXN000173,2024-01-06 23:14:00,1862.01,Pix,CL3210,PE,Estornada,Loja Física
TXN000174,2024-01-10 20:09:00,2896.56,TED,CL7583,SP,Recusada,App
TXN000175,2024-03-01 09:36:00,1702.64,DOC,CL2118,RS,Estornada,ATM
TXN000176,2024-01-15 06:17:00,3677.76,Cartão de Crédito,CL9389,DF,Pendente,App
TXN000177,2024-01-24 01:12:00,3048.76,Boleto,CL3044,RS,Recusada,ATM
TXN000178,2024-03-06 08:15:00,523.82,DOC,CL7460,PR,Estornada,Site
TXN000179,2024-03-29 18:21:00,2564.35,Cartão de Crédito,CL8700,PR,Estornada,ATM
TXN000180,2024-01-16 00:25:00,4733.02,Boleto,CL8958,RJ,Estornada,Loja Física
TXN000181,2024-03-03 16:04:00,1806.2,Boleto,CL9802,DF,Estornada,Site
TXN000182,2024-01-14 00:19:00,4542.37,Boleto,CL3365,RS,Recusada,Loja Física
TXN000183,2024-03-03 18:35:00,2296.29,Boleto,CL7651,DF,Estornada,Loja Física
TXN000184,2024-01-06 23:05:00,747.41,DOC,CL5336,PR,Estornada,App
TXN000185,2024-02-29 11:23:00,2962.23,Cartão de Crédito,CL5968,CE,Estornada,Site
TXN000186,2024-02-13 14:11:00,3084.04,DOC,CL8389,CE,Estornada,Site
TXN000187,2024-01-28 19:03:00,2710.51,Pix,CL3988,SP,Estornada,Site
TXN000188,2024-03-01 01:35:00,1499.97,Cartão de Crédito,CL4565,DF,Estornada,ATM
TXN000189,2024-03-11 13:54:00,1902.14,TED,CL9160,SC,Recusada,Loja Física
TXN000190,2024-01-27 21:02:00,4151.47,TED,CL1738,RS,Recusada,Loja Física
TXN000191,2024-03-16 22:00:00,4619.55,Boleto,CL8906,PR,Pendente,Site
TXN000192,2024-02-25 14:40:00,2046.81,Pix,CL3546,DF,Recusada,App
TXN000193,2024-02-20 03:28:00,2648.86,Boleto,CL7917,RJ,Pendente,Site
TXN000194,2024-01-04 19:29:00,4371.04,TED,CL8060,DF,Pendente,Loja Física
TXN000195,2024-03-10 20:34:00,1962.63,Pix,CL2241,MG,Estornada,ATM
TXN000196,2024-03-12 14:03:00,4866.65,Cartão de Crédito,CL4671,CE,Aprovada,Site
TXN000197,2024-03-14 21:11:00,3437.01,DOC,CL3144,RJ,Aprovada,ATM
TXN000198,2024-01-10 13:27:00,577.54,DOC,CL7212,BA,Recusada,ATM
TXN000199,2024-01-18 21:01:00,181.19,DOC,CL7020,MG,Recusada,App
TXN000200,2024-01-17 13:59:00,223.83,Boleto,CL7379,BA,Aprovada,Loja Física
TXN000201,2024-01-07 21:39:00,4989.63,Pix,CL7074,PE,Pendente,Loja Física
TXN000202,2024-02-25 13:57:00,3517.97,Pix,CL3170,BA,Recusada,Loja Física
TXN000203,2024-01-17 19:39:00,290.02,DOC,CL6355,PE,Aprovada,Site
TXN000204,2024-02-24 07:52:00,2873.4,TED,CL6320,SC,Estornada,Loja Física
TXN000205,2024-01-14 05:24:00,4602.76,TED,CL9856,PR,Recusada,Site
TXN000206,2024-03-16 14:45:00,2199.1,Cartão de Crédito,CL5882,PR,Estornada,ATM
TXN000207,2024-03-12 07:10:00,2999.93,Cartão de Crédito,CL7445,RS,Estornada,Loja Física
TXN000208,2024-03-16 01:30:00,276.92,Pix,CL7825,PE,Pendente,Loja Física
TXN000209,2024-01-23 21:00:00,3198.43,DOC,CL9606,PR,Recusada,ATM
TXN000210,2024-02-23 21:31:00,3800.35,TED,CL6452,SP,Estornada,ATM
TXN000211,2024-02-26 07:11:00,1302.56,TED,CL4592,PR,Recusada,Site
TXN000212,2024-02-12 18:33:00,2611.42,DOC,CL7444,BA,Estornada,ATM
TXN000213,2024-02-27 04:45:00,1409.74,Pix,CL2359,SC,Recusada,App
TXN000214,2024-02-27 17:04:00,4674.35,Pix,CL2563,MG,Pendente,Site
TXN000215,2024-01-29 07:45:00,3452.99,Pix,CL5943,RJ,Pendente,Loja Física
TXN000216,2024-03-28 23:31:00,4813.06,Cartão de Crédito,CL2676,MG,Recusada,Site
TXN000217,2024-03-04 22:29:00,1708.5,Cartão de Crédito,CL6074,BA,Aprovada,ATM
TXN000218,2024-01-26 00:16:00,3054.47,TED,CL1205,MG,Pendente,ATM
TXN000219,2024-02-19 21:00:00,2473.33,TED,CL6318,RJ,Pendente,App
TXN000220,2024-02-04 19:57:00,609.47,Boleto,CL7037,SC,Recusada,Loja Física
TXN000221,2024-02-04 03:12:00,1128.39,Boleto,CL5613,DF,Estornada,Site
TXN000222,2024-01-01 19:00:00,3878.92,DOC,CL1786,DF,Recusada,Site
TXN000223,2024-03-12 23:34:00,93.05,Pix,CL5920,BA,Recusada,ATM
TXN000224,2024-03-11 02:10:00,1337.85,Pix,CL6226,PE,Estornada,Site
TXN000225,2024-02-20 19:57:00,4497.32,Boleto,CL9334,RJ,Recusada,App
TXN000226,2024-02-18 23:40:00,885.08,Pix,CL1966,DF,Recusada,ATM
TXN000227,2024-03-06 05:25:00,1792.71,Cartão de Crédito,CL7069,RS,Aprovada,Loja Física
TXN000228,2024-01-08 15:03:00,2273.96,Cartão de Crédito,CL8947,DF,Pendente,App
TXN000229,2024-02-19 19:47:00,2479.75,Boleto,CL3371,MG,Pendente,Loja Física
TXN000230,2024-03-04 17:27:00,836.72,DOC,CL8504,PE,Aprovada,Loja Física
TXN000231,2024-02-14 06:35:00,4471.03,Boleto,CL2762,BA,Recusada,Loja Física
TXN000232,2024-02-13 05:57:00,736.7,Cartão de Crédito,CL9809,DF,Pendente,App
TXN000233,2024-03-15 10:25:00,2719.42,Pix,CL5128,CE,Pendente,Site
TXN000234,2024-02-10 00:23:00,3289.51,Boleto,CL5610,DF,Pendente,Site
TXN000235,2024-03-12 00:42:00,482.48,Cartão de Crédito,CL4659,DF,Pendente,ATM
TXN000236,2024-03-04 15:30:00,1228.82,DOC,CL3670,RJ,Aprovada,App
TXN000237,2024-01-23 19:58:00,3631.33,Cartão de Crédito,CL5829,CE,Estornada,Loja Física
TXN000238,2024-01-02 14:30:00,1987.38,Pix,CL3591,CE,Aprovada,ATM
TXN000239,2024-03-02 13:09:00,3478.32,Pix,CL7451,DF,Pendente,ATM
TXN000240,2024-03-11 16:09:00,4629.84,Cartão de Crédito,CL4538,CE,Recusada,App
TXN000241,2024-01-19 09:03:00,2215.01,Cartão de Crédito,CL6611,RJ,Estornada,Site
TXN000242,2024-01-10 04:17:00,4664.7,Pix,CL4683,MG,Estornada,Site
TXN000243,2024-02-29 06:28:00,3357.77,Boleto,CL2734,CE,Recusada,App
TXN000244,2024-01-10 13:53:00,3760.32,TED,CL9950,CE,Recusada,App
TXN000245,2024-03-19 06:24:00,511.75,DOC,CL7243,BA,Estornada,Loja Física
TXN000246,2024-02-19 06:27:00,3259.06,Pix,CL1551,RJ,Aprovada,Loja Física
TXN000247,2024-01-22 08:39:00,3735.75,Boleto,CL5376,CE,Estornada,App
TXN000248,2024-03-18 21:16:00,2488.91,DOC,CL9672,PR,Aprovada,App
TXN000249,2024-01-26 02:23:00,2065.14,Pix,CL3494,MG,Recusada,Loja Física
TXN000250,2024-03-16 15:49:00,611.26,Boleto,CL4659,SC,Aprovada,ATM
TXN000251,2024-02-07 12:24:00,219.48,DOC,CL8600,BA,Aprovada,Site
TXN000252,2024-01-13 23:29:00,3907.12,Pix,CL5961,SP,Estornada,ATM
TXN000253,2024-01-31 00:57:00,3183.45,TED,CL4146,RJ,Estornada,App
TXN000254,2024-01-18 11:07:00,109.69,Cartão de Crédito,CL2474,BA,Estornada,ATM
TXN000255,2024-03-18 07:26:00,3347.96,TED,CL8045,CE,Recusada,Site
TXN000256,2024-02-07 16:50:00,4999.47,TED,CL3304,DF,Aprovada,Loja Física
TXN000257,2024-03-29 04:13:00,4904.26,Pix,CL7935,DF,Recusada,ATM
TXN000258,2024-02-05 02:30:00,616.86,Cartão de Crédito,CL4620,MG,Recusada,Loja Física
TXN000259,2024-01-08 05:07:00,740.18,TED,CL3544,SP,Aprovada,ATM
TXN000260,2024-01-09 02:31:00,622.62,Pix,CL2007,CE,Aprovada,Site
TXN000261,2024-03-02 09:31:00,3333.83,Cartão de Crédito,CL8938,BA,Recusada,Site
TXN000262,2024-02-04 05:09:00,2221.72,TED,CL8775,MG,Aprovada,App
TXN000263,2024-02-03 15:05:00,4200.36,TED,CL7196,PE,Pendente,Site
TXN000264,2024-02-21 08:48:00,1486.1,DOC,CL3659,MG,Estornada,Loja Física
TXN000265,2024-01-17 15:36:00,1670.14,Pix,CL1636,MG,Pendente,App
TXN000266,2024-03-01 21:13:00,3410.26,Boleto,CL3512,DF,Recusada,Loja Física
TXN000267,2024-01-22 11:20:00,3496.1,TED,CL6537,PE,Pendente,App
TXN000268,2024-01-12 07:08:00,4759.67,DOC,CL8869,RJ,Aprovada,Loja Física
TXN000269,2024-03-20 06:20:00,3629.56,Boleto,CL9271,RJ,Recusada,Loja Física
TXN000270,2024-03-14 19:03:00,759.42,Pix,CL8367,BA,Pendente,ATM
TXN000271,2024-03-31 10:44:00,4877.61,TED,CL5056,SP,Aprovada,Site
TXN000272,2024-02-06 10:42:00,2550.17,Cartão de Crédito,CL3349,PR,Pendente,ATM
TXN000273,2024-01-31 06:55:00,3467.65,Cartão de Crédito,CL6882,SP,Recusada,ATM
TXN000274,2024-02-06 11:33:00,2423.13,DOC,CL7277,RS,Recusada,Site
TXN000275,2024-01-10 10:39:00,4542.18,Boleto,CL1037,BA,Aprovada,Site
TXN000276,2024-01-27 02:36:00,674.89,Cartão de Crédito,CL6730,RJ,Recusada,Loja Física
TXN000277,2024-02-04 08:05:00,4780.14,TED,CL7496,PR,Aprovada,App
TXN000278,2024-02-17 19:35:00,627.22,Boleto,CL9365,SP,Aprovada,ATM
TXN000279,2024-01-16 10:00:00,893.24,Pix,CL6289,CE,Recusada,App
TXN000280,2024-02-19 19:00:00,3471.39,Pix,CL1695,RS,Recusada,Loja Física
TXN000281,2024-02-17 13:48:00,1936.08,Pix,CL5996,DF,Estornada,Loja Física
TXN000282,2024-01-03 02:06:00,2889.48,DOC,CL8162,CE,Aprovada,Loja Física
TXN000283,2024-02-26 09:04:00,1787.33,Boleto,CL9369,PE,Recusada,App
TXN000284,2024-01-23 23:02:00,2829.7,Boleto,CL5252,PE,Pendente,ATM
TXN000285,2024-01-19 19:26:00,1892.34,TED,CL8594,DF,Estornada,ATM
TXN000286,2024-03-19 18:41:00,1279.77,Boleto,CL3106,SC,Estornada,App
TXN000287,2024-03-04 09:37:00,2361.93,TED,CL7808,MG,Recusada,Loja Física
TXN000288,2024-03-14 19:18:00,3658.93,Boleto,CL8786,RS,Aprovada,Loja Física
TXN000289,2024-03-30 17:54:00,2931.4,DOC,CL7009,PE,Pendente,Site
TXN000290,2024-02-17 17:08:00,1605.79,Boleto,CL2195,DF,Recusada,App
TXN000291,2024-02-27 09:36:00,2045.05,TED,CL5064,MG,Pendente,ATM
TXN000292,2024-01-26 22:25:00,2644.41,Boleto,CL9342,BA,Aprovada,App
TXN000293,2024-01-07 17:01:00,2802.78,Cartão de Crédito,CL3396,PR,Aprovada,Site
TXN000294,2024-02-24 14:47:00,3859.51,Pix,CL9065,SC,Pendente,App
TXN000295,2024-01-25 02:40:00,4671.64,DOC,CL4483,RS,Pendente,Site
TXN000296,2024-01-24 10:24:00,4033.0,Cartão de Crédito,CL8672,PR,Recusada,ATM
TXN000297,2024-02-12 09:07:00,4884.02,TED,CL8466,CE,Aprovada,ATM
TXN000298,2024-02-16 08:02:00,1292.07,TED,CL5284,DF,Pendente,Site
TXN000299,2024-03-21 14:31:00,417.34,Pix,CL8360,SP,Recusada,App
TXN000300,2024-01-29 02:08:00,2422.61,Cartão de Crédito,CL8326,RS,Aprovada,Loja Física
TXN000301,2024-01-13 05:13:00,1377.68,Boleto,CL8803,SP,Estornada,ATM
TXN000302,2024-02-05 12:19:00,2027.98,Pix,CL7115,RS,Aprovada,Loja Física
TXN000303,2024-03-20 09:48:00,1614.92,DOC,CL6146,RJ,Pendente,App
TXN000304,2024-02-29 11:38:00,2303.14,Pix,CL9153,SP,Pendente,App
TXN000305,2024-03-27 06:41:00,2917.68,TED,CL3684,MG,Pendente,ATM
TXN000306,2024-02-07 07:53:00,3592.48,Pix,CL7079,PE,Recusada,Loja Física
TXN000307,2024-02-21 16:26:00,129.37,Pix,CL6327,RJ,Pendente,ATM
TXN000308,2024-03-23 06:28:00,1818.74,DOC,CL1220,PE,Pendente,Loja Física
TXN000309,2024-02-18 01:14:00,3986.7,Cartão de Crédito,CL4631,SP,Aprovada,App
TXN000310,2024-03-26 08:38:00,3623.98,Pix,CL5049,DF,Pendente,Loja Física
TXN000311,2024-01-01 08:54:00,639.22,TED,CL3688,MG,Pendente,App
TXN000312,2024-01-26 06:37:00,2510.06,Boleto,CL2094,BA,Aprovada,Loja Física
TXN000313,2024-03-13 08:07:00,1400.8,Cartão de Crédito,CL4403,PE,Recusada,Site
TXN000314,2024-03-22 09:24:00,4576.2,Cartão de Crédito,CL9509,RJ,Recusada,Loja Física
TXN000315,2024-02-24 03:17:00,4165.27,Cartão de Crédito,CL6958,RJ,Aprovada,App
TXN000316,2024-03-13 02:09:00,1921.31,DOC,CL6183,PR,Aprovada,Site
TXN000317,2024-01-24 04:52:00,2327.49,DOC,CL3743,RJ,Pendente,App
TXN000318,2024-03-22 15:54:00,3657.45,Boleto,CL2466,SP,Estornada,App
TXN000319,2024-02-17 15:19:00,4121.34,TED,CL3154,SC,Recusada,Site
TXN000320,2024-02-05 10:31:00,1268.51,DOC,CL6771,MG,Pendente,ATM
TXN000321,2024-01-21 07:44:00,1026.47,Cartão de Crédito,CL4138,RJ,Estornada,Site
TXN000322,2024-01-14 15:59:00,1427.58,Cartão de Crédito,CL2545,PR,Estornada,Site
TXN000323,2024-01-28 21:56:00,3890.0,Boleto,CL7360,DF,Recusada,Loja Física
TXN000324,2024-03-25 13:29:00,2410.16,Pix,CL8907,SC,Estornada,App
TXN000325,2024-01-26 11:34:00,4916.38,TED,CL3826,RS,Estornada,ATM
TXN000326,2024-01-22 05:18:00,3216.76,TED,CL2486,DF,Estornada,ATM
TXN000327,2024-01-10 20:28:00,4010.8,Cartão de Crédito,CL5913,RS,Recusada,App
TXN000328,2024-03-07 06:51:00,3667.14,DOC,CL5883,SC,Pendente,Loja Física
TXN000329,2024-03-21 11:51:00,793.82,Pix,CL2228,PE,Aprovada,Loja Física
TXN000330,2024-02-19 18:12:00,4846.15,DOC,CL3082,RJ,Pendente,App
TXN000331,2024-02-10 02:47:00,2724.96,Cartão de Crédito,CL2578,RJ,Aprovada,Site
TXN000332,2024-03-28 12:24:00,3845.46,Pix,CL4189,RS,Estornada,Site
TXN000333,2024-03-26 12:27:00,3417.98,Cartão de Crédito,CL1186,CE,Aprovada,App
TXN000334,2024-02-25 01:45:00,2338.59,Boleto,CL2371,SP,Pendente,Loja Física
TXN000335,2024-03-28 04:13:00,146.66,Cartão de Crédito,CL5933,RJ,Estornada,App
TXN000336,2024-03-05 17:45:00,3396.32,Cartão de Crédito,CL8363,DF,Estornada,App
TXN000337,2024-03-18 18:57:00,3123.41,Pix,CL4893,RS,Estornada,ATM
TXN000338,2024-03-11 10:28:00,3275.96,DOC,CL2879,RS,Pendente,ATM
TXN000339,2024-02-08 01:34:00,4453.99,DOC,CL6506,PR,Aprovada,ATM
TXN000340,2024-03-20 18:23:00,962.93,TED,CL6699,BA,Estornada,Site
TXN000341,2024-02-09 13:22:00,270.8,Cartão de Crédito,CL4035,MG,Recusada,ATM
TXN000342,2024-02-02 11:09:00,3808.87,Pix,CL6195,PR,Recusada,Site
TXN000343,2024-01-08 04:24:00,3161.89,DOC,CL6082,MG,Pendente,Site
TXN000344,2024-01-23 12:30:00,1023.78,Boleto,CL1234,RS,Recusada,App
TXN000345,2024-03-18 19:29:00,4775.66,DOC,CL6252,RS,Pendente,Loja Física
TXN000346,2024-01-17 20:10:00,276.73,Pix,CL6759,CE,Estornada,ATM
TXN000347,2024-02-11 05:02:00,1053.85,Pix,CL7118,SC,Recusada,ATM
TXN000348,2024-01-22 11:14:00,4789.91,DOC,CL4135,DF,Estornada,Loja Física
TXN000349,2024-01-14 14:10:00,3920.61,DOC,CL3844,RS,Aprovada,App
TXN000350,2024-03-28 21:13:00,4880.56,DOC,CL2590,RS,Recusada,App
TXN000351,2024-01-20 10:29:00,3511.07,Cartão de Crédito,CL7802,PR,Estornada,Site
TXN000352,2024-03-13 15:30:00,1350.28,Pix,CL9704,DF,Recusada,App
TXN000353,2024-01-25 01:59:00,4623.89,Boleto,CL7737,RS,Recusada,Loja Física
TXN000354,2024-01-02 22:38:00,194.74,TED,CL1224,MG,Aprovada,Loja Física
TXN000355,2024-03-23 01:54:00,4716.32,Boleto,CL5214,MG,Pendente,Loja Física
TXN000356,2024-03-13 01:14:00,3363.32,Boleto,CL5374,CE,Aprovada,Loja Física
TXN000357,2024-02-19 21:55:00,2619.28,Boleto,CL3364,RS,Recusada,Loja Física
TXN000358,2024-01-04 18:03:00,3378.02,Pix,CL5405,PR,Estornada,Site
TXN000359,2024-02-23 07:24:00,1738.9,Cartão de Crédito,CL8739,RJ,Recusada,App
TXN000360,2024-03-13 19:46:00,390.39,TED,CL1372,SC,Recusada,Loja Física
TXN000361,2024-01-08 10:18:00,442.76,DOC,CL4701,RJ,Pendente,ATM
TXN000362,2024-02-07 07:31:00,4241.87,Boleto,CL2761,SC,Estornada,ATM
TXN000363,2024-01-26 09:56:00,1950.42,Pix,CL1023,BA,Recusada,Site
TXN000364,2024-01-17 13:02:00,325.11,Boleto,CL1464,BA,Pendente,App
TXN000365,2024-02-08 00:05:00,1367.11,DOC,CL3875,MG,Pendente,Loja Física
TXN000366,2024-03-04 01:04:00,4890.21,TED,CL1133,PR,Estornada,Loja Física
TXN000367,2024-03-09 09:59:00,2227.44,TED,CL1485,RJ,Recusada,Site
TXN000368,2024-03-10 16:15:00,825.82,Cartão de Crédito,CL2584,BA,Recusada,ATM
TXN000369,2024-02-23 18:32:00,3538.34,TED,CL1979,RS,Aprovada,ATM
TXN000370,2024-03-10 03:27:00,2623.52,Cartão de Crédito,CL8262,SP,Aprovada,ATM
TXN000371,2024-01-15 06:40:00,2296.26,Boleto,CL9601,DF,Estornada,App
TXN000372,2024-02-13 10:37:00,4712.46,DOC,CL7000,CE,Pendente,Site
TXN000373,2024-01-18 02:50:00,4031.73,Pix,CL3051,CE,Recusada,ATM
TXN000374,2024-03-30 21:12:00,1282.7,TED,CL7954,PR,Pendente,App
TXN000375,2024-03-31 06:20:00,69.41,Pix,CL1405,PE,Estornada,Site
TXN000376,2024-02-25 05:42:00,710.92,DOC,CL2101,SP,Estornada,App
TXN000377,2024-01-05 12:51:00,962.18,TED,CL3583,CE,Estornada,App
TXN000378,2024-02-17 12:20:00,4665.27,TED,CL9389,CE,Aprovada,Loja Física
TXN000379,2024-02-18 02:39:00,3300.81,DOC,CL2605,MG,Aprovada,Site
TXN000380,2024-03-26 21:31:00,3518.51,DOC,CL9549,RS,Aprovada,App
TXN000381,2024-03-29 17:24:00,647.51,Cartão de Crédito,CL8127,CE,Pendente,App
TXN000382,2024-03-28 18:51:00,1472.39,DOC,CL5492,RJ,Estornada,ATM
TXN000383,2024-02-09 01:01:00,4631.43,DOC,CL4426,SC,Aprovada,ATM
TXN000384,2024-02-16 21:57:00,2652.72,Cartão de Crédito,CL4772,SC,Recusada,Site
TXN000385,2024-02-03 22:24:00,1024.28,Pix,CL2632,RJ,Pendente,ATM
TXN000386,2024-01-31 10:39:00,4200.66,TED,CL2419,BA,Aprovada,Loja Física
TXN000387,2024-01-20 02:09:00,4372.65,Cartão de Crédito,CL5566,PE,Aprovada,ATM
TXN000388,2024-03-01 06:05:00,3924.75,Cartão de Crédito,CL1867,CE,Pendente,Loja Física
TXN000389,2024-03-07 18:06:00,3423.54,Cartão de Crédito,CL7931,BA,Pendente,Site
TXN000390,2024-02-23 19:10:00,3355.68,Pix,CL5640,SC,Estornada,Site
TXN000391,2024-01-23 17:06:00,1306.46,Cartão de Crédito,CL2892,PE,Recusada,App
TXN000392,2024-01-27 07:37:00,4315.8,DOC,CL6077,PR,Recusada,App
TXN000393,2024-01-29 17:36:00,1156.51,Boleto,CL3613,SC,Pendente,Loja Física
TXN000394,2024-02-29 09:37:00,177.7,Pix,CL6914,PE,Pendente,Loja Física
TXN000395,2024-03-03 07:56:00,722.3,Cartão de Crédito,CL9134,PR,Pendente,Site
TXN000396,2024-01-01 20:30:00,1955.51,Cartão de Crédito,CL3182,DF,Estornada,Loja Física
TXN000397,2024-01-24 11:40:00,1890.63,Pix,CL7019,RS,Aprovada,App
TXN000398,2024-02-05 01:44:00,783.76,Cartão de Crédito,CL2344,MG,Aprovada,Loja Física
TXN000399,2024-02-05 01:30:00,270.51,Cartão de Crédito,CL8866,MG,Estornada,Loja Física
TXN000400,2024-01-26 04:07:00,2746.07,Pix,CL1595,RJ,Pendente,App
TXN000401,2024-01-02 09:30:00,1965.76,DOC,CL8098,RS,Aprovada,App
TXN000402,2024-02-16 11:11:00,2115.57,Boleto,CL1052,CE,Recusada,Loja Física
TXN000403,2024-01-30 05:35:00,1038.58,DOC,CL6618,CE,Pendente,ATM
TXN000404,2024-03-14 16:14:00,3071.53,TED,CL2022,SC,Recusada,Loja Física
TXN000405,2024-01-17 01:36:00,3346.77,Boleto,CL4053,SP,Pendente,Loja Física
TXN000406,2024-01-10 17:13:00,2063.94,TED,CL3064,BA,Estornada,Loja Física
TXN000407,2024-01-17 04:53:00,1154.16,Boleto,CL4380,DF,Recusada,ATM
TXN000408,2024-01-07 05:24:00,4641.69,Pix,CL7542,PR,Recusada,Loja Física
TXN000409,2024-01-23 05:35:00,28.33,DOC,CL8518,SC,Aprovada,Loja Física
TXN000410,2024-01-05 00:48:00,573.03,TED,CL7336,SP,Recusada,Loja Física
TXN000411,2024-01-03 13:26:00,1688.31,TED,CL4416,SC,Recusada,Loja Física
TXN000412,2024-01-12 10:32:00,4132.51,DOC,CL3904,DF,Aprovada,App
TXN000413,2024-03-02 14:48:00,2850.96,Pix,CL1917,PR,Recusada,ATM
TXN000414,2024-03-14 11:27:00,4539.56,Cartão de Crédito,CL8374,SP,Recusada,ATM
TXN000415,2024-02-07 07:50:00,4043.62,DOC,CL8515,RS,Aprovada,App
TXN000416,2024-03-14 06:50:00,792.7,Boleto,CL4062,RS,Pendente,Site
TXN000417,2024-03-18 21:46:00,125.81,TED,CL6484,BA,Aprovada,App
TXN000418,2024-03-29 07:35:00,3422.84,DOC,CL1318,BA,Pendente,App
TXN000419,2024-01-09 12:56:00,3128.99,Boleto,CL4299,PR,Estornada,Site
TXN000420,2024-03-23 08:11:00,3863.3,TED,CL7070,PE,Estornada,Site
TXN000421,2024-03-07 00:52:00,4207.44,Cartão de Crédito,CL9439,PE,Estornada,Site
TXN000422,2024-03-11 23:45:00,2868.78,TED,CL6967,SP,Recusada,App
TXN000423,2024-02-10 06:04:00,170.11,Pix,CL2329,SC,Aprovada,Loja Física
TXN000424,2024-01-03 05:36:00,1464.71,Boleto,CL6382,MG,Pendente,App
TXN000425,2024-03-30 06:51:00,4414.14,Boleto,CL4883,CE,Pendente,App
TXN000426,2024-02-11 22:03:00,4964.73,Pix,CL9060,SC,Estornada,Loja Física
TXN000427,2024-01-28 02:40:00,1372.32,Boleto,CL8937,MG,Aprovada,Loja Física
TXN000428,2024-01-23 00:53:00,3366.43,DOC,CL5207,PE,Pendente,App
TXN000429,2024-01-29 14:33:00,2978.97,TED,CL5021,BA,Recusada,ATM
TXN000430,2024-01-26 11:27:00,2641.21,Boleto,CL2556,DF,Recusada,App
TXN000431,2024-01-15 17:30:00,2843.86,DOC,CL2675,SP,Aprovada,Loja Física
TXN000432,2024-01-20 13:41:00,2517.95,Cartão de Crédito,CL3398,RJ,Pendente,Loja Física
TXN000433,2024-01-05 23:33:00,4882.45,Cartão de Crédito,CL1706,SP,Pendente,Loja Física
TXN000434,2024-03-10 16:07:00,252.88,Boleto,CL6214,RS,Recusada,Site
TXN000435,2024-02-19 17:04:00,3645.68,TED,CL8088,BA,Recusada,Site
TXN000436,2024-01-27 18:21:00,1543.68,Boleto,CL7491,RJ,Aprovada,App
TXN000437,2024-02-21 00:36:00,2133.53,TED,CL3161,DF,Aprovada,Site
TXN000438,2024-02-08 05:51:00,3574.53,TED,CL1415,CE,Recusada,Site
TXN000439,2024-01-03 10:11:00,731.17,DOC,CL2433,PR,Aprovada,Loja Física
TXN000440,2024-02-27 07:33:00,3689.09,TED,CL6531,PE,Pendente,App
TXN000441,2024-03-20 05:20:00,1029.41,Boleto,CL1998,SC,Aprovada,ATM
TXN000442,2024-01-12 08:57:00,1280.32,Cartão de Crédito,CL1468,CE,Estornada,Loja Física
TXN000443,2024-03-24 03:33:00,459.26,Boleto,CL3823,RS,Estornada,ATM
TXN000444,2024-03-29 15:59:00,1707.66,Boleto,CL5921,CE,Recusada,Site
TXN000445,2024-01-18 06:58:00,4449.92,Boleto,CL4014,MG,Aprovada,Loja Física
TXN000446,2024-02-27 23:49:00,1791.95,Cartão de Crédito,CL7497,CE,Estornada,App
TXN000447,2024-03-14 17:14:00,1350.18,Boleto,CL2094,PR,Pendente,ATM
TXN000448,2024-03-03 05:28:00,4340.8,Pix,CL3252,SC,Pendente,ATM
TXN000449,2024-03-30 23:05:00,836.05,Cartão de Crédito,CL2227,PR,Estornada,App
TXN000450,2024-03-11 07:40:00,1883.66,Boleto,CL3701,SC,Estornada,ATM
TXN000451,2024-03-08 17:57:00,1898.59,Pix,CL7822,PE,Aprovada,Site
TXN000452,2024-03-02 15:22:00,4043.12,Cartão de Crédito,CL7539,BA,Estornada,Loja Física
TXN000453,2024-02-18 08:23:00,3486.2,Cartão de Crédito,CL9588,RJ,Pendente,Loja Física
TXN000454,2024-02-02 06:49:00,4402.22,Boleto,CL5275,DF,Aprovada,Site
TXN000455,2024-03-20 08:34:00,2574.22,Cartão de Crédito,CL8343,BA,Pendente,App
TXN000456,2024-01-02 16:48:00,4700.74,Pix,CL2112,RJ,Pendente,App
TXN000457,2024-02-02 09:50:00,4092.32,DOC,CL4948,SP,Pendente,Site
TXN000458,2024-03-26 06:59:00,1664.35,Pix,CL6372,DF,Aprovada,App
TXN000459,2024-01-08 16:00:00,207.4,DOC,CL5496,MG,Recusada,ATM
TXN000460,2024-02-15 16:49:00,3050.93,Cartão de Crédito,CL2905,DF,Recusada,Loja Física
TXN000461,2024-02-13 15:44:00,2464.15,TED,CL1350,MG,Aprovada,Loja Física
TXN000462,2024-03-19 23:06:00,4962.07,DOC,CL9145,RS,Estornada,Loja Física
TXN000463,2024-01-05 15:52:00,4678.27,Boleto,CL2097,CE,Aprovada,Site
TXN000464,2024-01-11 03:40:00,1013.97,Boleto,CL5701,SC,Estornada,Site
TXN000465,2024-02-01 02:32:00,774.35,Pix,CL5714,MG,Aprovada,ATM
TXN000466,2024-02-09 22:46:00,1430.69,Cartão de Crédito,CL3289,CE,Recusada,ATM
TXN000467,2024-03-14 15:50:00,291.11,DOC,CL2584,MG,Recusada,App
TXN000468,2024-02-08 11:32:00,548.66,TED,CL9696,MG,Estornada,ATM
TXN000469,2024-03-22 03:38:00,3723.69,Boleto,CL7004,BA,Aprovada,ATM
TXN000470,2024-03-03 09:08:00,1509.4,Boleto,CL6514,RJ,Recusada,Site
TXN000471,2024-02-11 13:11:00,199.99,Boleto,CL9905,BA,Recusada,App
TXN000472,2024-01-29 01:32:00,3568.95,DOC,CL5857,SC,Aprovada,ATM
TXN000473,2024-02-14 13:40:00,4699.9,DOC,CL4589,BA,Estornada,Loja Física
TXN000474,2024-01-01 11:53:00,4119.28,DOC,CL8707,BA,Aprovada,Loja Física
TXN000475,2024-02-22 01:08:00,2528.96,Boleto,CL9799,DF,Estornada,App
TXN000476,2024-01-28 01:05:00,4952.28,DOC,CL3505,SP,Recusada,ATM
TXN000477,2024-01-10 22:14:00,540.93,Boleto,CL8411,RJ,Estornada,App
TXN000478,2024-02-11 18:52:00,2530.12,TED,CL1939,PR,Recusada,Site
TXN000479,2024-02-02 05:32:00,716.17,TED,CL2245,RJ,Aprovada,ATM
TXN000480,2024-02-14 22:24:00,2931.03,Boleto,CL3479,PR,Aprovada,App
TXN000481,2024-03-13 04:23:00,1578.78,TED,CL3275,CE,Aprovada,Site
TXN000482,2024-01-20 03:49:00,683.03,DOC,CL3842,BA,Recusada,App
TXN000483,2024-03-17 14:57:00,885.68,Pix,CL9414,PR,Recusada,Site
TXN000484,2024-01-19 05:37:00,3784.71,DOC,CL1898,MG,Aprovada,App
TXN000485,2024-03-28 17:38:00,4819.73,DOC,CL7152,BA,Recusada,Loja Física
TXN000486,2024-02-03 03:04:00,1259.63,DOC,CL1047,MG,Aprovada,ATM
TXN000487,2024-01-01 12:17:00,4533.43,Pix,CL2932,PE,Aprovada,Loja Física
TXN000488,2024-03-20 09:27:00,4376.62,TED,CL6181,DF,Estornada,Loja Física
TXN000489,2024-03-06 11:15:00,2569.16,TED,CL7163,SP,Estornada,App
TXN000490,2024-01-08 00:12:00,1755.57,Pix,CL6837,CE,Pendente,ATM
TXN000491,2024-01-27 17:19:00,2151.82,Pix,CL4807,CE,Estornada,Site
TXN000492,2024-01-11 05:35:00,1322.39,Pix,CL5291,SC,Aprovada,ATM
TXN000493,2024-01-18 23:07:00,157.41,Pix,CL1135,SC,Recusada,Loja Física
TXN000494,2024-03-03 10:45:00,2648.9,Pix,CL8361,PR,Estornada,ATM
TXN000495,2024-01-13 12:45:00,93.02,DOC,CL9056,BA,Pendente,Site
TXN000496,2024-02-26 05:44:00,1398.01,Boleto,CL3766,CE,Recusada,Site
TXN000497,2024-02-11 06:30:00,3613.96,Cartão de Crédito,CL6011,DF,Recusada,Loja Física
TXN000498,2024-01-04 12:58:00,3631.04,Pix,CL8272,RS,Pendente,Loja Física
TXN000499,2024-01-03 13:31:00,1814.12,DOC,CL3013,PR,Recusada,Loja Física
TXN000500,2024-03-29 22:00:00,1502.29,TED,CL3902,RJ,Estornada,ATM
TXN000501,2024-01-24 08:33:00,4090.36,Boleto,CL2139,MG,Recusada,Site
TXN000502,2024-01-24 00:35:00,541.64,DOC,CL1770,MG,Recusada,App
TXN000503,2024-01-24 00:42:00,3633.7,Cartão de Crédito,CL7192,BA,Recusada,Site
TXN000504,2024-02-17 03:10:00,296.54,Pix,CL7813,RJ,Estornada,ATM
TXN000505,2024-01-09 16:49:00,3487.41,DOC,CL8663,MG,Estornada,ATM
TXN000506,2024-03-28 07:04:00,1471.17,Pix,CL4909,SP,Pendente,App
TXN000507,2024-03-20 19:33:00,3688.92,TED,CL3634,BA,Estornada,ATM
TXN000508,2024-02-18 08:15:00,4472.65,DOC,CL5318,MG,Estornada,ATM
TXN000509,2024-02-21 08:25:00,2518.86,TED,CL5489,CE,Recusada,Site
TXN000510,2024-01-13 23:36:00,3185.45,TED,CL3381,PE,Pendente,App
TXN000511,2024-03-31 02:42:00,2143.7,Boleto,CL6097,MG,Recusada,Site
TXN000512,2024-02-10 11:38:00,523.38,TED,CL8765,RS,Pendente,Loja Física
TXN000513,2024-02-21 07:56:00,580.16,Pix,CL3493,PE,Aprovada,Loja Física
TXN000514,2024-03-06 06:17:00,4264.75,DOC,CL8590,SP,Recusada,Loja Física
TXN000515,2024-01-18 06:55:00,4539.24,Cartão de Crédito,CL6691,DF,Pendente,ATM
TXN000516,2024-03-13 12:29:00,3499.17,DOC,CL6972,SC,Pendente,Loja Física
TXN000517,2024-03-11 05:41:00,2855.84,Boleto,CL9161,BA,Estornada,Site
TXN000518,2024-02-17 21:53:00,464.83,Cartão de Crédito,CL2870,MG,Aprovada,Loja Física
TXN000519,2024-01-19 20:19:00,769.8,Pix,CL8583,PE,Recusada,ATM
TXN000520,2024-03-18 12:11:00,4114.42,Pix,CL9062,RS,Pendente,Loja Física
TXN000521,2024-03-29 17:31:00,3071.28,Cartão de Crédito,CL5979,SP,Pendente,Loja Física
TXN000522,2024-01-06 17:26:00,3120.08,TED,CL9769,DF,Aprovada,Loja Física
TXN000523,2024-01-05 19:42:00,3790.06,TED,CL2476,SC,Recusada,Loja Física
TXN000524,2024-03-13 16:58:00,729.45,TED,CL9028,DF,Recusada,Site
TXN000525,2024-02-03 10:20:00,4908.48,DOC,CL6982,PR,Estornada,ATM
TXN000526,2024-03-18 09:54:00,650.11,Pix,CL1200,RJ,Estornada,Site
TXN000527,2024-03-11 19:09:00,3120.28,DOC,CL8499,SP,Pendente,Site
TXN000528,2024-03-12 15:31:00,1767.77,Boleto,CL2214,SP,Recusada,Site
TXN000529,2024-03-05 10:41:00,3906.62,TED,CL7494,PR,Recusada,Loja Física
TXN000530,2024-01-17 22:34:00,1896.21,Pix,CL7782,RS,Aprovada,ATM
TXN000531,2024-02-16 08:33:00,3728.46,Pix,CL2465,RJ,Estornada,Loja Física
TXN000532,2024-01-14 15:05:00,3905.83,Pix,CL8536,PE,Estornada,App
TXN000533,2024-03-19 22:40:00,2020.5,TED,CL3365,SC,Estornada,Site
TXN000534,2024-02-26 21:08:00,2516.17,Pix,CL9655,DF,Aprovada,Loja Física
TXN000535,2024-02-17 22:04:00,1563.63,Cartão de Crédito,CL9399,RJ,Estornada,ATM
TXN000536,2024-02-19 14:12:00,3935.67,Pix,CL4367,RJ,Aprovada,ATM
TXN000537,2024-03-27 22:33:00,2919.95,DOC,CL5109,PR,Recusada,Loja Física
TXN000538,2024-02-10 15:17:00,3720.8,Boleto,CL9780,RS,Estornada,App
TXN000539,2024-02-18 15:08:00,601.19,Boleto,CL8927,MG,Recusada,App
TXN000540,2024-01-01 17:36:00,2093.59,Boleto,CL2470,BA,Pendente,Loja Física
TXN000541,2024-02-16 11:59:00,415.53,Boleto,CL1298,RJ,Recusada,App
TXN000542,2024-02-05 02:10:00,1352.47,Pix,CL6150,MG,Aprovada,App
TXN000543,2024-02-11 09:44:00,3341.44,Pix,CL1706,MG,Pendente,Loja Física
TXN000544,2024-01-31 14:38:00,3914.37,DOC,CL4623,RS,Pendente,App
TXN000545,2024-02-18 17:18:00,3748.6,TED,CL4769,BA,Estornada,Loja Física
TXN000546,2024-03-26 23:05:00,2271.74,DOC,CL3084,SP,Recusada,ATM
TXN000547,2024-03-29 12:40:00,3614.39,Boleto,CL2421,RS,Recusada,ATM
TXN000548,2024-02-10 23:40:00,1097.59,Pix,CL6372,SC,Recusada,App
TXN000549,2024-01-19 00:21:00,4571.73,Cartão de Crédito,CL9355,RJ,Aprovada,Loja Física
TXN000550,2024-03-26 11:16:00,2174.52,TED,CL1519,MG,Recusada,Loja Física
TXN000551,2024-03-18 13:50:00,3071.92,Boleto,CL4981,SC,Recusada,Site
TXN000552,2024-03-16 02:47:00,2656.73,Pix,CL3096,RJ,Pendente,Site
TXN000553,2024-02-15 18:28:00,3858.86,Boleto,CL5156,MG,Aprovada,ATM
TXN000554,2024-03-14 17:27:00,4904.55,DOC,CL4698,DF,Pendente,App
TXN000555,2024-02-16 00:14:00,572.27,DOC,CL9639,RJ,Aprovada,Loja Física
TXN000556,2024-02-29 04:33:00,1015.03,TED,CL3513,BA,Aprovada,App
TXN000557,2024-03-21 14:03:00,4233.78,Pix,CL5994,PE,Pendente,Loja Física
TXN000558,2024-03-25 06:38:00,4943.39,Pix,CL6002,RS,Estornada,Site
TXN000559,2024-01-04 15:37:00,1494.0,Boleto,CL4042,MG,Recusada,Site
TXN000560,2024-01-09 09:03:00,1075.1,Boleto,CL1470,PE,Estornada,ATM
TXN000561,2024-02-04 20:23:00,3684.35,Cartão de Crédito,CL3056,CE,Aprovada,Loja Física
TXN000562,2024-02-06 11:22:00,2665.17,Cartão de Crédito,CL8193,SP,Aprovada,Site
TXN000563,2024-03-02 16:54:00,1516.87,Pix,CL4175,RS,Pendente,ATM
TXN000564,2024-03-17 01:58:00,3113.33,Pix,CL5708,BA,Recusada,App
TXN000565,2024-02-20 22:32:00,1770.34,Cartão de Crédito,CL5191,PR,Recusada,Site
TXN000566,2024-03-16 05:57:00,3711.25,TED,CL6318,SP,Aprovada,ATM
TXN000567,2024-02-24 05:01:00,1929.48,Cartão de Crédito,CL7750,BA,Pendente,Site
TXN000568,2024-02-03 00:21:00,4601.17,Boleto,CL6677,RJ,Estornada,Loja Física
TXN000569,2024-02-11 13:59:00,3435.39,Cartão de Crédito,CL7268,DF,Estornada,ATM
TXN000570,2024-01-19 12:43:00,1807.85,Boleto,CL9385,PR,Pendente,ATM
TXN000571,2024-01-16 13:14:00,4747.56,TED,CL4320,SC,Recusada,Loja Física
TXN000572,2024-03-21 13:41:00,2419.93,TED,CL3251,PE,Estornada,ATM
TXN000573,2024-03-12 15:00:00,4000.18,Cartão de Crédito,CL9112,MG,Aprovada,App
TXN000574,2024-02-14 22:23:00,791.54,DOC,CL1612,PE,Recusada,ATM
TXN000575,2024-01-26 15:34:00,461.14,Pix,CL2492,SP,Estornada,ATM
TXN000576,2024-02-06 15:05:00,3596.6,Boleto,CL2954,SP,Pendente,ATM
TXN000577,2024-02-14 07:38:00,3568.5,Cartão de Crédito,CL9123,SC,Aprovada,Site
TXN000578,2024-02-10 00:41:00,3820.69,TED,CL2834,BA,Recusada,ATM
TXN000579,2024-03-04 21:18:00,4082.97,DOC,CL8611,RJ,Estornada,ATM
TXN000580,2024-01-17 12:55:00,687.55,Boleto,CL9415,MG,Recusada,ATM
TXN000581,2024-03-05 07:50:00,727.88,Boleto,CL3532,MG,Recusada,Site
TXN000582,2024-01-23 15:32:00,4426.4,DOC,CL6465,SP,Pendente,ATM
TXN000583,2024-01-12 14:28:00,621.46,DOC,CL8464,DF,Recusada,App
TXN000584,2024-01-11 06:33:00,3048.52,Pix,CL2864,PE,Pendente,Loja Física
TXN000585,2024-03-12 19:52:00,1496.99,TED,CL3108,PE,Aprovada,ATM
TXN000586,2024-02-06 03:47:00,22.94,TED,CL1884,SP,Pendente,Site
TXN000587,2024-01-08 12:32:00,3023.46,TED,CL7995,DF,Estornada,Site
TXN000588,2024-03-29 03:11:00,2370.86,Pix,CL7525,SP,Aprovada,Loja Física
TXN000589,2024-02-28 03:10:00,4675.4,Pix,CL2936,PE,Aprovada,App
TXN000590,2024-03-12 09:23:00,3207.1,DOC,CL6500,DF,Recusada,Loja Física
TXN000591,2024-03-24 13:18:00,4559.47,DOC,CL8718,PE,Recusada,App
TXN000592,2024-01-26 16:29:00,4278.74,TED,CL3960,BA,Estornada,ATM
TXN000593,2024-03-18 00:58:00,3044.16,Pix,CL5165,PR,Aprovada,Site
TXN000594,2024-02-24 23:57:00,741.75,TED,CL2358,BA,Pendente,Site
TXN000595,2024-02-17 09:16:00,4000.52,Pix,CL7584,SP,Estornada,ATM
TXN000596,2024-02-20 21:24:00,1258.69,Boleto,CL1730,DF,Pendente,Site
TXN000597,2024-01-03 13:41:00,1416.66,DOC,CL9202,SP,Estornada,Site
TXN000598,2024-03-07 11:03:00,2243.93,Boleto,CL7037,PR,Recusada,Loja Física
TXN000599,2024-03-12 01:38:00,2371.25,DOC,CL1533,PE,Aprovada,ATM
TXN000600,2024-02-17 05:34:00,4964.88,Pix,CL2950,DF,Recusada,App
TXN000601,2024-01-09 15:29:00,1027.46,Boleto,CL5070,RJ,Estornada,ATM
TXN000602,2024-03-13 17:53:00,4432.48,DOC,CL5574,BA,Estornada,Site
TXN000603,2024-03-27 08:41:00,3278.33,Pix,CL8719,BA,Estornada,Loja Física
TXN000604,2024-01-23 13:57:00,28.8,Cartão de Crédito,CL2324,PR,Recusada,App
TXN000605,2024-03-24 08:53:00,1247.59,Cartão de Crédito,CL9705,BA,Aprovada,App
TXN000606,2024-01-02 20:19:00,141.99,Boleto,CL9771,MG,Recusada,ATM
TXN000607,2024-01-05 04:25:00,3783.64,DOC,CL9227,CE,Estornada,Site
TXN000608,2024-01-06 08:37:00,1459.83,TED,CL6743,RJ,Estornada,ATM
TXN000609,2024-03-03 04:11:00,3848.36,Boleto,CL1834,RJ,Pendente,App
TXN000610,2024-03-05 18:23:00,1898.87,Cartão de Crédito,CL5005,RJ,Aprovada,App
TXN000611,2024-01-20 02:37:00,4548.65,Boleto,CL7791,SC,Estornada,Loja Física
TXN000612,2024-03-25 14:49:00,2884.38,Pix,CL1397,SP,Recusada,App
TXN000613,2024-01-30 23:07:00,3373.01,DOC,CL3670,DF,Estornada,App
TXN000614,2024-02-22 20:00:00,3510.84,DOC,CL6130,SP,Pendente,Loja Física
TXN000615,2024-02-24 22:41:00,2743.75,DOC,CL8912,BA,Pendente,Site
TXN000616,2024-03-26 04:24:00,310.7,Boleto,CL8885,MG,Recusada,Loja Física
TXN000617,2024-03-18 00:30:00,3330.7,Pix,CL7166,SP,Estornada,Site
TXN000618,2024-03-21 13:14:00,3623.94,TED,CL2086,PE,Pendente,ATM
TXN000619,2024-01-28 15:04:00,4092.74,Pix,CL8415,DF,Aprovada,ATM
TXN000620,2024-03-22 22:44:00,372.39,Cartão de Crédito,CL3718,RJ,Pendente,ATM
TXN000621,2024-01-11 22:51:00,3330.88,Boleto,CL3571,RS,Aprovada,Loja Física
TXN000622,2024-03-10 06:57:00,3705.34,Cartão de Crédito,CL4806,SP,Aprovada,Site
TXN000623,2024-02-20 18:45:00,4447.41,TED,CL8197,BA,Estornada,App
TXN000624,2024-02-03 17:01:00,3244.13,Cartão de Crédito,CL8154,PR,Pendente,Site
TXN000625,2024-02-12 08:43:00,3685.37,DOC,CL1131,PR,Aprovada,Loja Física
TXN000626,2024-02-16 07:54:00,3902.83,Cartão de Crédito,CL6417,DF,Aprovada,ATM
TXN000627,2024-03-17 20:28:00,4797.06,TED,CL8487,SP,Recusada,Site
TXN000628,2024-01-08 11:38:00,4260.66,DOC,CL1332,BA,Aprovada,App
TXN000629,2024-03-30 01:18:00,2722.17,Cartão de Crédito,CL8223,PE,Pendente,ATM
TXN000630,2024-03-25 22:31:00,2987.85,Boleto,CL6518,BA,Pendente,App
TXN000631,2024-01-20 08:13:00,4833.09,Boleto,CL3274,RS,Aprovada,App
TXN000632,2024-01-02 14:43:00,363.22,Pix,CL2944,BA,Pendente,ATM
TXN000633,2024-01-14 14:20:00,4927.97,TED,CL2067,PR,Aprovada,App
TXN000634,2024-01-03 23:59:00,2633.52,DOC,CL2399,SC,Pendente,Loja Física
TXN000635,2024-01-04 01:41:00,361.57,Boleto,CL4391,PE,Estornada,Site
TXN000636,2024-03-04 22:20:00,973.31,TED,CL4381,CE,Estornada,ATM
TXN000637,2024-01-08 21:45:00,2138.54,Pix,CL8755,PR,Recusada,ATM
TXN000638,2024-02-23 23:06:00,112.52,DOC,CL5391,DF,Recusada,Site
TXN000639,2024-02-19 11:00:00,3977.53,Boleto,CL8943,CE,Aprovada,Loja Física
TXN000640,2024-02-29 10:15:00,3312.97,TED,CL3855,SC,Recusada,Site
TXN000641,2024-02-11 12:17:00,844.32,Pix,CL4530,MG,Aprovada,Site
TXN000642,2024-02-12 13:53:00,4972.14,Pix,CL2481,BA,Estornada,ATM
TXN000643,2024-03-01 07:34:00,3366.15,Boleto,CL6094,PR,Pendente,ATM
TXN000644,2024-01-09 08:09:00,960.01,DOC,CL8140,PE,Estornada,Site
TXN000645,2024-02-14 16:16:00,4674.77,Pix,CL9523,SC,Aprovada,Loja Física
TXN000646,2024-03-09 17:56:00,399.29,DOC,CL2926,DF,Pendente,ATM
TXN000647,2024-03-14 10:09:00,4878.27,DOC,CL1592,MG,Pendente,Site
TXN000648,2024-01-07 05:42:00,3019.45,Boleto,CL1674,CE,Estornada,Site
TXN000649,2024-02-21 04:33:00,2894.46,Boleto,CL2283,PE,Estornada,Site
TXN000650,2024-03-07 09:17:00,4572.2,Pix,CL8145,BA,Pendente,Site
TXN000651,2024-02-21 03:07:00,2941.3,Pix,CL2987,RS,Aprovada,Site
TXN000652,2024-03-12 03:10:00,3567.85,Pix,CL3913,SP,Recusada,Site
TXN000653,2024-01-20 01:14:00,1788.59,Boleto,CL8362,RS,Pendente,Loja Física
TXN000654,2024-03-05 08:18:00,1986.82,Boleto,CL8686,MG,Recusada,Loja Física
TXN000655,2024-03-26 03:48:00,1557.54,TED,CL2558,SC,Pendente,Loja Física
TXN000656,2024-01-21 12:13:00,1841.49,Pix,CL8160,CE,Aprovada,Loja Física
TXN000657,2024-02-26 00:42:00,1767.1,Boleto,CL7112,CE,Aprovada,Site
TXN000658,2024-03-20 10:21:00,2143.84,Cartão de Crédito,CL4489,RS,Pendente,App
TXN000659,2024-02-28 09:03:00,2778.75,Cartão de Crédito,CL8639,PE,Pendente,App
TXN000660,2024-03-28 16:22:00,1271.15,DOC,CL3503,CE,Recusada,ATM
TXN000661,2024-03-22 22:30:00,4238.95,Boleto,CL7981,BA,Recusada,Site
TXN000662,2024-01-22 11:48:00,4756.97,Cartão de Crédito,CL5590,SC,Recusada,Site
TXN000663,2024-03-08 19:57:00,2178.15,TED,CL6133,RS,Aprovada,ATM
TXN000664,2024-01-05 09:34:00,2059.42,Pix,CL1980,RJ,Recusada,Site
TXN000665,2024-03-12 03:08:00,2498.96,TED,CL1094,PE,Aprovada,Site
TXN000666,2024-01-18 13:38:00,2207.84,TED,CL6441,CE,Aprovada,Loja Física
TXN000667,2024-02-06 01:38:00,263.99,DOC,CL7133,CE,Recusada,ATM
TXN000668,2024-03-28 02:19:00,372.3,DOC,CL9028,MG,Estornada,Site
TXN000669,2024-03-25 22:32:00,4713.29,TED,CL3890,SP,Recusada,Loja Física
TXN000670,2024-02-28 03:18:00,1343.66,TED,CL4413,PR,Pendente,App
TXN000671,2024-01-28 13:48:00,1167.65,Pix,CL7867,BA,Estornada,ATM
TXN000672,2024-02-26 18:47:00,3130.15,DOC,CL2513,SC,Aprovada,ATM
TXN000673,2024-02-20 05:05:00,2399.52,TED,CL1539,SP,Recusada,Loja Física
TXN000674,2024-02-19 11:28:00,4320.24,Cartão de Crédito,CL9883,RS,Recusada,Site
TXN000675,2024-01-17 05:16:00,376.79,Pix,CL2119,MG,Pendente,App
TXN000676,2024-03-24 08:29:00,2341.96,Cartão de Crédito,CL5977,RS,Aprovada,Loja Física
TXN000677,2024-02-11 09:32:00,1747.83,Boleto,CL2709,PE,Pendente,Loja Física
TXN000678,2024-02-16 11:18:00,68.25,Pix,CL3133,BA,Estornada,ATM
TXN000679,2024-02-06 19:17:00,1099.14,DOC,CL5208,CE,Estornada,Loja Física
TXN000680,2024-02-16 15:46:00,2527.52,Pix,CL9223,CE,Pendente,App
TXN000681,2024-01-18 20:51:00,3123.37,Pix,CL3540,DF,Pendente,Site
TXN000682,2024-03-21 05:43:00,1064.69,Boleto,CL5945,BA,Estornada,ATM
TXN000683,2024-03-30 12:12:00,4945.35,TED,CL1284,DF,Pendente,Site
TXN000684,2024-01-27 23:05:00,526.21,Pix,CL5923,MG,Pendente,ATM
TXN000685,2024-01-21 18:20:00,4381.34,DOC,CL7122,RS,Recusada,Site
TXN000686,2024-02-13 10:55:00,1162.65,Cartão de Crédito,CL3461,BA,Pendente,Loja Física
TXN000687,2024-03-05 12:50:00,851.38,Cartão de Crédito,CL2162,DF,Recusada,App
TXN000688,2024-03-06 12:08:00,4378.06,TED,CL6047,BA,Estornada,Site
TXN000689,2024-03-08 09:51:00,235.7,Cartão de Crédito,CL7419,MG,Estornada,Site
TXN000690,2024-02-14 02:31:00,3688.25,Cartão de Crédito,CL4135,RJ,Estornada,App
TXN000691,2024-01-19 18:47:00,1635.25,Pix,CL9666,RS,Pendente,ATM
TXN000692,2024-03-14 01:22:00,3172.96,DOC,CL6506,PE,Estornada,ATM
TXN000693,2024-02-15 10:09:00,1492.06,DOC,CL9308,BA,Estornada,Site
TXN000694,2024-01-23 19:51:00,444.23,Pix,CL2710,PE,Aprovada,Site
TXN000695,2024-03-13 03:01:00,3625.39,DOC,CL1631,RJ,Aprovada,Site
TXN000696,2024-03-11 07:44:00,4920.3,Pix,CL6565,PR,Pendente,Loja Física
TXN000697,2024-02-26 07:09:00,567.46,Pix,CL3050,DF,Estornada,Loja Física
TXN000698,2024-03-08 13:16:00,3663.48,DOC,CL6294,BA,Recusada,Site
TXN000699,2024-03-13 12:01:00,942.74,Boleto,CL2247,PR,Recusada,ATM
TXN000700,2024-03-30 02:08:00,3966.44,Boleto,CL1466,PR,Recusada,Site
TXN000701,2024-03-09 13:22:00,4613.0,Pix,CL4925,RS,Estornada,Loja Física
TXN000702,2024-01-16 00:01:00,793.67,Pix,CL7060,PE,Aprovada,App
TXN000703,2024-03-27 21:08:00,888.15,DOC,CL4559,PE,Recusada,App
TXN000704,2024-01-14 00:15:00,3140.78,DOC,CL7227,PR,Estornada,Loja Física
TXN000705,2024-03-27 22:37:00,4962.71,Pix,CL5406,RJ,Recusada,ATM
TXN000706,2024-03-16 12:19:00,1845.73,Pix,CL7409,SC,Pendente,App
TXN000707,2024-02-23 21:52:00,4215.41,Pix,CL3662,SC,Aprovada,Site
TXN000708,2024-03-25 06:44:00,1401.83,Pix,CL4315,PE,Estornada,Site
TXN000709,2024-01-24 19:16:00,2871.38,TED,CL6573,PE,Pendente,App
TXN000710,2024-03-23 23:38:00,1674.37,Pix,CL5315,RS,Recusada,Site
TXN000711,2024-02-03 07:39:00,2926.78,Cartão de Crédito,CL5159,PR,Pendente,App
TXN000712,2024-02-29 22:46:00,3845.94,TED,CL3472,PE,Recusada,Site
TXN000713,2024-01-12 10:34:00,4304.56,Boleto,CL9324,SP,Pendente,ATM
TXN000714,2024-02-20 13:59:00,4075.29,TED,CL4833,CE,Aprovada,Site
TXN000715,2024-02-16 01:09:00,314.74,Pix,CL5857,SC,Recusada,Loja Física
TXN000716,2024-01-06 15:50:00,1145.6,Pix,CL3207,MG,Recusada,Loja Física
TXN000717,2024-01-23 14:00:00,2497.72,Cartão de Crédito,CL6927,SC,Estornada,Site
TXN000718,2024-02-13 02:35:00,4458.41,Cartão de Crédito,CL5701,CE,Aprovada,Site
TXN000719,2024-02-28 05:50:00,544.26,DOC,CL2969,MG,Recusada,App
TXN000720,2024-02-24 16:00:00,237.91,Pix,CL4496,RS,Recusada,App
TXN000721,2024-01-01 21:08:00,4911.63,TED,CL7477,PE,Recusada,ATM
TXN000722,2024-01-07 01:17:00,128.18,Pix,CL3547,BA,Recusada,Loja Física
TXN000723,2024-02-23 10:55:00,3566.53,Boleto,CL5066,BA,Aprovada,ATM
TXN000724,2024-03-24 03:16:00,4096.23,Cartão de Crédito,CL8129,BA,Recusada,Loja Física
TXN000725,2024-02-15 10:24:00,3834.43,Boleto,CL3915,SP,Recusada,App
TXN000726,2024-02-11 04:47:00,1540.51,Cartão de Crédito,CL1615,SC,Estornada,Loja Física
TXN000727,2024-01-09 08:53:00,1796.52,Cartão de Crédito,CL2016,PE,Aprovada,ATM
TXN000728,2024-01-15 04:11:00,3525.53,TED,CL8895,CE,Recusada,Loja Física
TXN000729,2024-01-26 00:53:00,3453.68,TED,CL2143,CE,Estornada,ATM
TXN000730,2024-03-14 04:24:00,2120.85,Cartão de Crédito,CL3776,RS,Estornada,ATM
TXN000731,2024-01-04 01:09:00,3630.82,Cartão de Crédito,CL5679,SC,Pendente,Site
TXN000732,2024-02-16 03:29:00,3716.54,DOC,CL2568,DF,Estornada,Site
TXN000733,2024-03-24 04:24:00,3803.4,Boleto,CL8068,PR,Aprovada,App
TXN000734,2024-02-29 22:32:00,2445.92,Cartão de Crédito,CL1551,CE,Aprovada,App
TXN000735,2024-02-06 00:43:00,3055.89,Boleto,CL4131,BA,Aprovada,ATM
TXN000736,2024-03-05 19:43:00,648.24,Cartão de Crédito,CL2906,BA,Aprovada,Loja Física
TXN000737,2024-02-20 01:36:00,2806.66,Pix,CL2131,BA,Estornada,ATM
TXN000738,2024-02-17 11:37:00,1062.49,Cartão de Crédito,CL7950,DF,Recusada,Site
TXN000739,2024-02-02 17:39:00,3014.76,Boleto,CL4569,PR,Estornada,Loja Física
TXN000740,2024-02-11 08:08:00,26.85,Pix,CL7854,DF,Recusada,ATM
TXN000741,2024-03-04 11:19:00,3460.47,Pix,CL6623,CE,Recusada,Loja Física
TXN000742,2024-02-06 16:38:00,2482.77,DOC,CL2279,DF,Aprovada,Loja Física
TXN000743,2024-01-22 01:25:00,4742.96,Boleto,CL9738,PE,Pendente,Loja Física
TXN000744,2024-01-27 07:34:00,777.64,TED,CL8691,BA,Aprovada,ATM
TXN000745,2024-02-23 23:20:00,4343.89,Pix,CL1567,PR,Recusada,Site
TXN000746,2024-02-09 17:10:00,3533.37,Boleto,CL9770,PR,Recusada,Site
TXN000747,2024-03-23 15:35:00,4029.96,Cartão de Crédito,CL6641,BA,Aprovada,ATM
TXN000748,2024-03-02 08:49:00,3027.33,Boleto,CL2072,PR,Pendente,App
TXN000749,2024-02-22 03:30:00,2052.64,TED,CL9114,RS,Recusada,Site
TXN000750,2024-01-17 23:24:00,536.09,TED,CL4050,MG,Recusada,Site
TXN000751,2024-01-24 18:26:00,4974.36,Cartão de Crédito,CL8060,DF,Estornada,Site
TXN000752,2024-02-22 21:51:00,301.06,TED,CL9344,PR,Pendente,App
TXN000753,2024-02-13 10:08:00,506.38,Cartão de Crédito,CL7523,RS,Estornada,App
TXN000754,2024-03-22 08:26:00,2964.25,Boleto,CL7204,SC,Pendente,Site
TXN000755,2024-02-18 14:14:00,2682.69,Cartão de Crédito,CL2854,SP,Recusada,ATM
TXN000756,2024-03-08 17:41:00,4647.96,Cartão de Crédito,CL6854,RS,Recusada,Loja Física
TXN000757,2024-01-28 06:00:00,4276.58,TED,CL3300,DF,Recusada,Site
TXN000758,2024-01-06 05:05:00,767.15,Pix,CL5207,PE,Aprovada,ATM
TXN000759,2024-01-25 18:27:00,221.36,Pix,CL2339,RJ,Pendente,Loja Física
TXN000760,2024-02-06 11:44:00,900.8,Cartão de Crédito,CL1589,PE,Estornada,App
TXN000761,2024-01-16 03:19:00,1943.09,TED,CL8410,RS,Aprovada,Loja Física
TXN000762,2024-03-01 10:16:00,2716.55,DOC,CL6498,BA,Aprovada,App
TXN000763,2024-02-23 17:35:00,801.47,DOC,CL5109,BA,Pendente,Loja Física
TXN000764,2024-01-27 13:35:00,2656.87,Boleto,CL1334,PE,Recusada,Loja Física
TXN000765,2024-02-12 09:58:00,2862.39,Cartão de Crédito,CL9309,PE,Estornada,ATM
TXN000766,2024-01-15 18:48:00,2160.1,Pix,CL2424,MG,Recusada,ATM
TXN000767,2024-02-13 05:05:00,2944.37,Pix,CL2472,RS,Recusada,Loja Física
TXN000768,2024-03-06 15:06:00,3019.3,DOC,CL7572,PR,Aprovada,App
TXN000769,2024-03-07 11:35:00,2686.41,Boleto,CL2130,RJ,Pendente,App
TXN000770,2024-03-21 10:58:00,4647.56,Pix,CL7797,DF,Aprovada,App
TXN000771,2024-03-04 02:31:00,483.53,Cartão de Crédito,CL4667,SC,Estornada,Loja Física
TXN000772,2024-03-05 21:03:00,2085.35,TED,CL5593,CE,Pendente,Loja Física
TXN000773,2024-01-21 01:30:00,4995.45,TED,CL9023,RS,Pendente,App
TXN000774,2024-03-31 07:45:00,1948.53,DOC,CL8121,DF,Pendente,App
TXN000775,2024-01-12 22:48:00,282.57,Boleto,CL3592,CE,Recusada,ATM
TXN000776,2024-02-07 04:06:00,3394.45,Boleto,CL3843,BA,Estornada,Loja Física
TXN000777,2024-03-23 06:18:00,4235.44,Boleto,CL9849,RJ,Aprovada,App
TXN000778,2024-03-01 14:18:00,1564.42,Boleto,CL7978,BA,Aprovada,App
TXN000779,2024-02-07 12:58:00,1971.72,DOC,CL4980,PE,Estornada,ATM
TXN000780,2024-01-14 11:04:00,707.27,DOC,CL1187,PE,Estornada,Site
TXN000781,2024-02-10 02:09:00,269.74,Cartão de Crédito,CL4906,CE,Pendente,Site
TXN000782,2024-03-13 23:49:00,272.7,Cartão de Crédito,CL3776,CE,Recusada,Site
TXN000783,2024-03-27 16:02:00,686.22,TED,CL2233,RJ,Estornada,Site
TXN000784,2024-03-08 12:54:00,1423.35,TED,CL3934,BA,Estornada,Loja Física
TXN000785,2024-02-13 11:31:00,4481.51,Cartão de Crédito,CL6083,PE,Recusada,App
TXN000786,2024-03-25 08:56:00,4301.81,Cartão de Crédito,CL5547,MG,Estornada,ATM
TXN000787,2024-01-07 02:57:00,3252.14,Cartão de Crédito,CL5293,RS,Pendente,Site
TXN000788,2024-03-30 20:34:00,3505.12,Cartão de Crédito,CL8435,RS,Recusada,App
TXN000789,2024-03-14 05:43:00,4965.19,TED,CL8835,PR,Aprovada,Site
TXN000790,2024-01-17 05:50:00,4732.93,Pix,CL3827,PE,Pendente,Site
TXN000791,2024-03-17 16:43:00,2730.49,Pix,CL9283,CE,Recusada,Loja Física
TXN000792,2024-03-19 06:17:00,2089.39,TED,CL2301,SC,Pendente,ATM
TXN000793,2024-01-21 10:09:00,435.34,Cartão de Crédito,CL7048,RS,Recusada,Loja Física
TXN000794,2024-02-29 12:52:00,3785.39,Boleto,CL1822,RJ,Pendente,Loja Física
TXN000795,2024-01-01 23:50:00,1962.3,Cartão de Crédito,CL5671,BA,Pendente,App
TXN000796,2024-03-17 03:08:00,822.27,Cartão de Crédito,CL3656,DF,Aprovada,Loja Física
TXN000797,2024-03-12 06:17:00,1316.03,TED,CL3860,RJ,Aprovada,ATM
TXN000798,2024-03-31 13:12:00,1520.03,DOC,CL9028,DF,Pendente,ATM
TXN000799,2024-02-08 11:13:00,2938.51,Cartão de Crédito,CL8196,RJ,Pendente,ATM
TXN000800,2024-02-24 10:38:00,101.53,TED,CL9080,PR,Recusada,Site
TXN000801,2024-02-19 05:16:00,1887.51,DOC,CL3674,PR,Recusada,ATM
TXN000802,2024-03-05 11:38:00,2877.58,Boleto,CL3828,DF,Recusada,ATM
TXN000803,2024-02-06 19:55:00,2338.64,Boleto,CL7760,RS,Estornada,ATM
TXN000804,2024-02-11 19:32:00,318.77,Boleto,CL1012,SP,Recusada,ATM
TXN000805,2024-01-03 02:50:00,2849.71,TED,CL8949,PR,Estornada,App
TXN000806,2024-01-09 10:29:00,418.11,DOC,CL5415,PR,Pendente,ATM
TXN000807,2024-01-29 12:58:00,2213.55,DOC,CL9255,SC,Estornada,ATM
TXN000808,2024-02-22 13:35:00,2674.76,Pix,CL1496,RJ,Recusada,ATM
TXN000809,2024-02-20 05:38:00,167.76,Boleto,CL9829,DF,Estornada,Loja Física
TXN000810,2024-01-08 09:34:00,847.85,Pix,CL8247,SC,Recusada,ATM
TXN000811,2024-01-13 11:08:00,4440.96,Boleto,CL4113,CE,Recusada,Site
TXN000812,2024-03-12 22:17:00,598.79,Cartão de Crédito,CL9040,BA,Estornada,App
TXN000813,2024-03-25 09:13:00,2912.55,Pix,CL1117,PE,Pendente,Site
TXN000814,2024-02-25 02:01:00,1177.89,TED,CL5777,CE,Estornada,App
TXN000815,2024-01-05 13:14:00,3106.96,TED,CL7855,DF,Estornada,ATM
TXN000816,2024-02-05 10:08:00,3172.88,DOC,CL9151,RS,Estornada,ATM
TXN000817,2024-03-14 20:38:00,2180.6,DOC,CL9636,SP,Recusada,ATM
TXN000818,2024-02-26 07:57:00,4086.99,Pix,CL4646,PE,Recusada,ATM
TXN000819,2024-01-26 03:19:00,2034.8,Cartão de Crédito,CL2379,CE,Aprovada,Loja Física
TXN000820,2024-01-06 07:19:00,144.22,Cartão de Crédito,CL9494,PE,Estornada,Loja Física
TXN000821,2024-01-30 17:47:00,1492.23,Cartão de Crédito,CL4256,DF,Aprovada,Site
TXN000822,2024-03-30 03:34:00,3123.3,DOC,CL3960,SC,Recusada,ATM
TXN000823,2024-02-08 21:45:00,2069.56,Boleto,CL1540,SP,Pendente,ATM
TXN000824,2024-01-03 05:33:00,1990.73,Boleto,CL4087,PR,Pendente,App
TXN000825,2024-02-08 23:30:00,3206.47,Boleto,CL9874,DF,Estornada,Site
TXN000826,2024-02-10 12:31:00,809.41,Pix,CL1651,PE,Aprovada,ATM
TXN000827,2024-02-15 06:50:00,2560.82,Boleto,CL3840,RJ,Aprovada,Loja Física
TXN000828,2024-03-21 02:51:00,2887.29,Boleto,CL4603,CE,Recusada,Loja Física
TXN000829,2024-01-08 07:23:00,1832.75,Cartão de Crédito,CL9834,RS,Pendente,App
TXN000830,2024-03-19 22:05:00,3864.03,DOC,CL9636,BA,Pendente,Loja Física
TXN000831,2024-03-08 20:01:00,597.28,TED,CL3900,DF,Recusada,Site
TXN000832,2024-02-13 20:46:00,3902.03,TED,CL6943,RS,Estornada,Site
TXN000833,2024-01-24 07:13:00,3591.0,DOC,CL3268,MG,Aprovada,App
TXN000834,2024-03-18 03:40:00,4262.67,Cartão de Crédito,CL1732,PR,Aprovada,App
TXN000835,2024-02-16 21:06:00,3323.07,Boleto,CL8665,BA,Recusada,ATM
TXN000836,2024-03-29 15:46:00,1622.97,Pix,CL5831,BA,Estornada,ATM
TXN000837,2024-01-05 14:53:00,1883.65,Boleto,CL6361,RJ,Pendente,Loja Física
TXN000838,2024-02-23 13:50:00,2192.56,TED,CL6201,BA,Estornada,App
TXN000839,2024-01-31 19:54:00,4299.69,DOC,CL7840,BA,Pendente,Loja Física
TXN000840,2024-02-10 09:08:00,2281.77,Pix,CL5551,SC,Aprovada,Site
TXN000841,2024-02-05 16:25:00,2922.88,Boleto,CL1071,PR,Pendente,Site
TXN000842,2024-01-24 01:07:00,4054.23,Cartão de Crédito,CL6800,SC,Aprovada,Loja Física
TXN000843,2024-01-29 09:58:00,3967.59,Pix,CL2346,SC,Recusada,App
TXN000844,2024-01-16 20:57:00,2407.33,Pix,CL3524,PR,Aprovada,App
TXN000845,2024-03-06 09:05:00,465.45,Cartão de Crédito,CL5733,PR,Estornada,Loja Física
TXN000846,2024-01-21 13:17:00,4225.56,Pix,CL5718,MG,Aprovada,ATM
TXN000847,2024-02-04 00:05:00,4875.25,Pix,CL4220,RS,Aprovada,Site
TXN000848,2024-02-01 13:13:00,2968.76,TED,CL6757,RJ,Aprovada,ATM
TXN000849,2024-02-15 13:12:00,3632.85,Boleto,CL8531,BA,Pendente,Site
TXN000850,2024-03-04 02:28:00,2607.85,Boleto,CL3748,CE,Recusada,ATM
TXN000851,2024-02-07 12:13:00,621.5,Cartão de Crédito,CL9841,CE,Recusada,Site
TXN000852,2024-01-16 01:56:00,144.11,Boleto,CL1934,PE,Estornada,ATM
TXN000853,2024-03-01 23:54:00,2502.49,DOC,CL7274,DF,Pendente,Site
TXN000854,2024-02-05 22:00:00,4708.78,Boleto,CL4006,DF,Estornada,ATM
TXN000855,2024-03-07 05:07:00,4849.53,Pix,CL9978,PR,Pendente,Site
TXN000856,2024-03-25 17:33:00,4871.56,Cartão de Crédito,CL4039,CE,Aprovada,Loja Física
TXN000857,2024-02-02 17:24:00,58.65,Pix,CL2166,SC,Aprovada,Site
TXN000858,2024-01-02 23:26:00,4181.2,TED,CL4059,SC,Recusada,Loja Física
TXN000859,2024-03-26 20:38:00,306.61,Boleto,CL3342,RS,Aprovada,Loja Física
TXN000860,2024-03-05 08:26:00,2005.76,Cartão de Crédito,CL5994,DF,Estornada,Site
TXN000861,2024-03-07 16:52:00,580.63,DOC,CL4778,CE,Pendente,Site
TXN000862,2024-01-05 21:04:00,4257.64,Pix,CL8103,SC,Aprovada,ATM
TXN000863,2024-02-07 19:57:00,3536.32,DOC,CL5260,BA,Aprovada,Loja Física
TXN000864,2024-03-25 09:06:00,956.9,DOC,CL6379,RJ,Estornada,ATM
TXN000865,2024-01-20 19:52:00,761.37,DOC,CL4865,BA,Recusada,App
TXN000866,2024-01-22 17:58:00,2025.84,TED,CL6081,MG,Aprovada,ATM
TXN000867,2024-02-15 12:12:00,904.81,TED,CL2498,SC,Estornada,ATM
TXN000868,2024-03-25 00:55:00,4392.41,Boleto,CL9567,BA,Estornada,App
TXN000869,2024-02-28 06:29:00,2280.02,DOC,CL3373,SP,Pendente,Loja Física
TXN000870,2024-03-23 15:31:00,4350.25,TED,CL8037,DF,Recusada,ATM
TXN000871,2024-03-10 19:21:00,3204.2,Cartão de Crédito,CL2865,BA,Aprovada,ATM
TXN000872,2024-02-08 05:15:00,3026.24,Boleto,CL9736,CE,Estornada,App
TXN000873,2024-03-08 08:47:00,3597.58,Cartão de Crédito,CL3083,SC,Aprovada,Loja Física
TXN000874,2024-01-23 11:16:00,2601.89,DOC,CL9661,RJ,Aprovada,ATM
TXN000875,2024-03-22 08:42:00,4942.7,Boleto,CL1681,BA,Pendente,Loja Física
TXN000876,2024-02-15 11:53:00,3834.15,Pix,CL8817,RS,Pendente,App
TXN000877,2024-03-30 19:23:00,3078.07,TED,CL5282,CE,Aprovada,App
TXN000878,2024-01-30 03:47:00,4625.44,Boleto,CL7064,RJ,Aprovada,Site
TXN000879,2024-01-21 16:35:00,1033.41,Pix,CL1504,BA,Estornada,ATM
TXN000880,2024-03-07 04:05:00,4387.99,Cartão de Crédito,CL6058,RS,Estornada,ATM
TXN000881,2024-03-19 20:29:00,4785.03,DOC,CL9970,CE,Pendente,Site
TXN000882,2024-03-10 20:53:00,3698.15,Pix,CL8434,SP,Recusada,ATM
TXN000883,2024-03-25 05:52:00,487.15,DOC,CL2406,DF,Recusada,Site
TXN000884,2024-02-05 13:55:00,620.43,Boleto,CL6804,CE,Pendente,Site
TXN000885,2024-02-28 12:50:00,4477.13,Cartão de Crédito,CL5016,BA,Pendente,ATM
TXN000886,2024-03-29 11:17:00,1953.9,DOC,CL5252,PE,Pendente,Loja Física
TXN000887,2024-01-30 18:21:00,1693.35,Pix,CL7963,RS,Estornada,App
TXN000888,2024-01-09 22:53:00,4473.95,DOC,CL5954,PR,Aprovada,Site
TXN000889,2024-03-17 23:19:00,2912.67,Cartão de Crédito,CL5626,BA,Aprovada,ATM
TXN000890,2024-01-29 20:15:00,4148.79,Cartão de Crédito,CL6853,SP,Estornada,Loja Física
TXN000891,2024-02-29 17:35:00,2071.07,Boleto,CL2455,CE,Estornada,ATM
TXN000892,2024-03-12 21:30:00,1598.6,TED,CL9465,CE,Aprovada,Loja Física
TXN000893,2024-03-14 22:49:00,4785.18,DOC,CL7285,DF,Aprovada,ATM
TXN000894,2024-02-08 19:59:00,4114.93,Cartão de Crédito,CL1125,DF,Recusada,Loja Física
TXN000895,2024-03-02 13:52:00,1725.92,Pix,CL3835,SP,Recusada,Site
TXN000896,2024-01-02 01:28:00,3006.35,Boleto,CL5066,DF,Aprovada,App
TXN000897,2024-01-18 20:40:00,2470.05,Pix,CL9667,MG,Pendente,ATM
TXN000898,2024-02-03 02:18:00,3651.7,TED,CL6641,BA,Recusada,Site
TXN000899,2024-02-29 23:31:00,800.06,Boleto,CL5983,PR,Recusada,ATM
TXN000900,2024-03-05 23:06:00,3117.11,Boleto,CL3356,RS,Estornada,ATM
TXN000901,2024-02-12 14:26:00,4759.52,DOC,CL8851,RJ,Pendente,ATM
TXN000902,2024-01-14 18:17:00,1713.01,Cartão de Crédito,CL8374,CE,Aprovada,Loja Física
TXN000903,2024-02-10 11:20:00,4866.89,Cartão de Crédito,CL2843,RJ,Pendente,App
TXN000904,2024-02-17 04:50:00,1667.95,Pix,CL3103,CE,Pendente,App
TXN000905,2024-02-19 04:25:00,4073.68,Cartão de Crédito,CL4129,PR,Estornada,ATM
TXN000906,2024-01-23 19:40:00,4273.93,TED,CL6766,CE,Pendente,App
TXN000907,2024-03-17 01:52:00,1759.11,DOC,CL1439,SP,Estornada,ATM
TXN000908,2024-01-05 06:06:00,2243.01,Cartão de Crédito,CL1555,SP,Pendente,Site
TXN000909,2024-03-13 12:23:00,495.15,Pix,CL1521,DF,Recusada,ATM
TXN000910,2024-02-01 12:17:00,125.39,Cartão de Crédito,CL8308,CE,Estornada,Site
TXN000911,2024-02-15 10:35:00,975.31,TED,CL3342,MG,Recusada,App
TXN000912,2024-01-21 07:54:00,3637.35,DOC,CL3530,CE,Estornada,App
TXN000913,2024-03-28 20:48:00,3219.24,TED,CL1080,BA,Estornada,Loja Física
TXN000914,2024-01-13 15:20:00,2415.95,Pix,CL6729,PR,Recusada,App
TXN000915,2024-03-22 07:16:00,2538.68,DOC,CL5179,SP,Recusada,Loja Física
TXN000916,2024-01-31 17:08:00,2028.23,Cartão de Crédito,CL8224,SP,Recusada,Loja Física
TXN000917,2024-03-06 09:16:00,10.54,Boleto,CL4319,DF,Estornada,App
TXN000918,2024-02-07 15:43:00,301.8,Cartão de Crédito,CL5691,SC,Pendente,App
TXN000919,2024-03-31 07:19:00,4360.24,TED,CL9256,CE,Estornada,Loja Física
TXN000920,2024-03-06 19:51:00,311.05,TED,CL6116,SC,Recusada,Loja Física
TXN000921,2024-02-11 05:13:00,3320.88,Pix,CL7857,MG,Aprovada,Site
TXN000922,2024-01-03 01:50:00,775.13,DOC,CL9939,DF,Recusada,Loja Física
TXN000923,2024-03-21 01:26:00,320.45,Pix,CL6398,CE,Estornada,Site
TXN000924,2024-02-12 13:23:00,1822.93,Cartão de Crédito,CL5137,BA,Pendente,Site
TXN000925,2024-01-19 18:01:00,3643.74,Boleto,CL8519,PE,Recusada,App
TXN000926,2024-01-17 08:40:00,2987.18,DOC,CL5444,SP,Pendente,Site
TXN000927,2024-03-22 07:08:00,2419.6,Cartão de Crédito,CL4226,CE,Pendente,Site
TXN000928,2024-03-07 08:28:00,3249.82,TED,CL6434,RJ,Recusada,ATM
TXN000929,2024-02-28 22:33:00,4225.13,Pix,CL3710,MG,Recusada,App
TXN000930,2024-03-13 09:58:00,3568.41,Boleto,CL4521,PE,Pendente,App
TXN000931,2024-01-04 06:14:00,3762.18,TED,CL2476,RJ,Estornada,ATM
TXN000932,2024-03-08 05:19:00,1749.47,DOC,CL1333,PE,Estornada,App
TXN000933,2024-01-23 04:52:00,2148.21,Pix,CL9994,SP,Recusada,Site
TXN000934,2024-02-22 12:40:00,4720.07,Cartão de Crédito,CL1920,SC,Estornada,App
TXN000935,2024-01-08 01:01:00,4488.15,TED,CL8584,PE,Aprovada,Site
TXN000936,2024-02-22 16:48:00,302.4,Boleto,CL5282,MG,Recusada,App
TXN000937,2024-03-19 00:16:00,1159.71,Cartão de Crédito,CL3563,BA,Aprovada,App
TXN000938,2024-03-18 03:37:00,3638.12,DOC,CL6859,RJ,Estornada,Site
TXN000939,2024-03-19 15:55:00,1608.67,DOC,CL4842,BA,Pendente,Site
TXN000940,2024-02-19 22:07:00,3202.38,Cartão de Crédito,CL2151,MG,Pendente,Site
TXN000941,2024-03-31 00:05:00,1385.54,DOC,CL1557,BA,Aprovada,ATM
TXN000942,2024-01-17 15:17:00,1121.4,Cartão de Crédito,CL1110,PE,Pendente,Site
TXN000943,2024-02-17 12:50:00,3495.51,Cartão de Crédito,CL8524,DF,Aprovada,App
TXN000944,2024-01-29 14:09:00,2230.06,TED,CL3552,BA,Pendente,Site
TXN000945,2024-01-11 10:47:00,815.85,Cartão de Crédito,CL5660,PE,Pendente,App
TXN000946,2024-03-25 10:49:00,4595.95,TED,CL7674,BA,Recusada,Site
TXN000947,2024-02-29 03:55:00,1840.64,Pix,CL1886,MG,Aprovada,ATM
TXN000948,2024-03-14 01:07:00,2173.46,DOC,CL5283,PR,Pendente,Site
TXN000949,2024-03-14 05:44:00,4566.1,Cartão de Crédito,CL3240,PR,Pendente,Loja Física
TXN000950,2024-03-08 22:58:00,212.21,Boleto,CL5307,PR,Pendente,Site
TXN000951,2024-01-18 05:52:00,1392.72,TED,CL1270,RJ,Estornada,Site
TXN000952,2024-03-29 05:55:00,1274.98,Boleto,CL5313,PR,Estornada,Loja Física
TXN000953,2024-01-10 18:31:00,4688.24,TED,CL7510,SC,Estornada,App
TXN000954,2024-02-04 07:04:00,4396.55,TED,CL5820,DF,Aprovada,Loja Física
TXN000955,2024-03-22 01:29:00,4686.4,DOC,CL3998,PR,Aprovada,Site
TXN000956,2024-02-20 18:19:00,2567.53,Boleto,CL4809,PE,Recusada,ATM
TXN000957,2024-03-30 19:51:00,2756.55,TED,CL6197,CE,Recusada,Loja Física
TXN000958,2024-01-14 11:53:00,4696.99,Pix,CL1763,BA,Estornada,App
TXN000959,2024-02-13 10:41:00,3823.54,TED,CL3131,RS,Pendente,Site
TXN000960,2024-03-27 11:50:00,554.16,Pix,CL8859,CE,Aprovada,Loja Física
TXN000961,2024-01-07 04:12:00,4478.61,Cartão de Crédito,CL7287,SC,Recusada,ATM
TXN000962,2024-03-28 21:41:00,2103.43,Cartão de Crédito,CL5480,PE,Pendente,Loja Física
TXN000963,2024-03-29 11:58:00,2390.28,DOC,CL9739,RJ,Aprovada,ATM
TXN000964,2024-03-01 14:59:00,806.67,Pix,CL6197,PE,Estornada,ATM
TXN000965,2024-03-16 05:05:00,46.67,DOC,CL7900,PR,Aprovada,Loja Física
TXN000966,2024-03-10 06:46:00,2224.7,Pix,CL9769,BA,Aprovada,ATM
TXN000967,2024-02-19 12:56:00,2957.62,Pix,CL1895,CE,Estornada,Loja Física
TXN000968,2024-03-18 09:22:00,3894.31,Pix,CL2186,BA,Aprovada,Loja Física
TXN000969,2024-01-15 17:22:00,4191.51,DOC,CL8927,CE,Aprovada,App
TXN000970,2024-03-14 05:16:00,782.32,Cartão de Crédito,CL2590,SP,Recusada,App
TXN000971,2024-02-18 14:17:00,1280.96,Boleto,CL1273,DF,Recusada,ATM
TXN000972,2024-02-28 16:54:00,1326.08,Cartão de Crédito,CL7020,CE,Recusada,App
TXN000973,2024-03-01 15:23:00,3512.44,TED,CL8794,PE,Recusada,Loja Física
TXN000974,2024-01-10 09:40:00,2279.26,Cartão de Crédito,CL5405,BA,Estornada,App
TXN000975,2024-02-10 09:16:00,2111.77,Pix,CL9382,RJ,Recusada,ATM
TXN000976,2024-03-01 03:08:00,4041.85,Cartão de Crédito,CL1021,SP,Recusada,Loja Física
TXN000977,2024-01-12 09:33:00,1672.88,Boleto,CL5497,RS,Estornada,Loja Física
TXN000978,2024-01-21 09:11:00,210.87,Pix,CL6719,PR,Recusada,App
TXN000979,2024-01-09 16:28:00,622.19,Pix,CL5326,BA,Aprovada,ATM
TXN000980,2024-02-22 15:01:00,2706.06,TED,CL7377,RJ,Pendente,ATM
TXN000981,2024-02-18 13:36:00,4035.63,Boleto,CL5392,SC,Estornada,App
TXN000982,2024-01-17 07:47:00,2543.99,Cartão de Crédito,CL6656,SC,Aprovada,Site
TXN000983,2024-01-07 18:55:00,1850.91,Boleto,CL9061,DF,Pendente,ATM
TXN000984,2024-01-28 00:50:00,1486.83,Cartão de Crédito,CL1925,MG,Pendente,App
TXN000985,2024-03-30 11:49:00,3562.22,Boleto,CL7046,PR,Estornada,App
TXN000986,2024-01-10 04:02:00,1786.23,Cartão de Crédito,CL7736,DF,Aprovada,App
TXN000987,2024-02-07 08:31:00,649.09,TED,CL1573,MG,Recusada,ATM
TXN000988,2024-01-03 01:02:00,4464.44,DOC,CL6268,RJ,Aprovada,ATM
TXN000989,2024-03-17 06:47:00,985.4,Boleto,CL3144,MG,Pendente,Loja Física
TXN000990,2024-02-06 01:03:00,2388.9,Boleto,CL9096,PE,Pendente,Loja Física
TXN000991,2024-03-21 20:04:00,4545.79,TED,CL2121,RS,Recusada,Loja Física
TXN000992,2024-02-11 00:50:00,4845.1,Boleto,CL7726,PE,Recusada,ATM
TXN000993,2024-01-22 10:03:00,4681.82,Boleto,CL8906,BA,Pendente,Loja Física
TXN000994,2024-01-18 09:24:00,1458.34,TED,CL6955,MG,Estornada,Site
TXN000995,2024-03-10 02:31:00,453.43,TED,CL6806,PR,Recusada,App
TXN000996,2024-02-16 04:37:00,3259.19,Pix,CL5163,PR,Pendente,Loja Física
TXN000997,2024-01-26 19:01:00,1508.05,TED,CL6877,DF,Estornada,Site
TXN000998,2024-03-01 05:18:00,4900.73,Cartão de Crédito,CL2300,MG,Pendente,App
TXN000999,2024-02-03 09:46:00,2887.22,DOC,CL3824,BA,Aprovada,Loja Física
TXN001000,2024-02-05 08:52:00,1751.57,Boleto,CL6865,SP,Aprovada,Loja Física
